Sample_Index,Timestamp,ISO_Time,Elapsed_Seconds,Food_Type,Condition_Label,Temperature_C,Humidity_Pct,Pressure_hPa,VOC_Raw_Ticks,NOx_Raw_Ticks,VOC_Index,NOx_Index,Quality_Label
2,2026-09-19 20:51:49,2026-09-19T20:51:49.652892,0.1,tomato,FRESH,29.62,78.42,950.29,31273,20347,0,0,0
3,2026-09-19 20:51:50,2026-09-19T20:51:50.708118,1.1,tomato,FRESH,29.63,78.43,950.31,31285,20319,0,0,0
4,2026-09-19 20:51:51,2026-09-19T20:51:51.763164,2.2,tomato,FRESH,29.63,78.44,950.3,31302,20284,0,0,0
5,2026-09-19 20:51:52,2026-09-19T20:51:52.817498,3.2,tomato,FRESH,29.64,78.44,950.29,31305,20252,0,0,0
6,2026-09-19 20:51:53,2026-09-19T20:51:53.872821,4.3,tomato,FRESH,29.65,78.45,950.3,31316,20226,0,0,0
7,2026-09-19 20:51:54,2026-09-19T20:51:54.927614,5.3,tomato,FRESH,29.65,78.45,950.3,31323,20198,0,0,0
8,2026-09-19 20:51:55,2026-09-19T20:51:55.983023,6.4,tomato,FRESH,29.65,78.42,950.33,31333,20163,0,0,0
9,2026-09-19 20:51:57,2026-09-19T20:51:57.038661,7.5,tomato,FRESH,29.66,78.39,950.29,31327,20128,0,0,0
10,2026-09-19 20:51:58,2026-09-19T20:51:58.092510,8.5,tomato,FRESH,29.66,78.36,950.28,31329,20108,0,0,0
11,2026-09-19 20:51:59,2026-09-19T20:51:59.147639,9.6,tomato,FRESH,29.67,78.3,950.31,31338,20072,0,0,0
12,2026-09-19 20:52:00,2026-09-19T20:52:00.203141,10.6,tomato,FRESH,29.67,78.25,950.31,31339,20046,0,0,0
13,2026-09-19 20:52:01,2026-09-19T20:52:01.258085,11.7,tomato,FRESH,29.67,78.21,950.28,31342,20025,0,0,0
14,2026-09-19 20:52:02,2026-09-19T20:52:02.313119,12.7,tomato,FRESH,29.68,78.16,950.3,31353,19990,0,0,0
15,2026-09-19 20:52:03,2026-09-19T20:52:03.367618,13.8,tomato,FRESH,29.68,78.15,950.3,31358,19970,0,0,0
16,2026-09-19 20:52:04,2026-09-19T20:52:04.422546,14.8,tomato,FRESH,29.68,78.14,950.29,31362,19941,0,0,0
17,2026-09-19 20:52:05,2026-09-19T20:52:05.477679,15.9,tomato,FRESH,29.69,78.14,950.28,31369,19925,0,0,0
18,2026-09-19 20:52:06,2026-09-19T20:52:06.532813,16.9,tomato,FRESH,29.69,78.13,950.28,31369,19889,0,0,0
19,2026-09-19 20:52:07,2026-09-19T20:52:07.587672,18.0,tomato,FRESH,29.7,78.09,950.3,31370,19866,1,0,0
20,2026-09-19 20:52:08,2026-09-19T20:52:08.642716,19.1,tomato,FRESH,29.7,78.07,950.3,31377,19846,1,0,0
21,2026-09-19 20:52:09,2026-09-19T20:52:09.698237,20.1,tomato,FRESH,29.7,78.05,950.28,31381,19824,1,0,0
22,2026-09-19 20:52:10,2026-09-19T20:52:10.753281,21.2,tomato,FRESH,29.7,78.03,950.28,31383,19800,3,0,0
23,2026-09-19 20:52:11,2026-09-19T20:52:11.808316,22.2,tomato,FRESH,29.71,78.01,950.28,31381,19773,5,0,0
24,2026-09-19 20:52:12,2026-09-19T20:52:12.863255,23.3,tomato,FRESH,29.7,77.97,950.25,31385,19758,8,0,0
25,2026-09-19 20:52:13,2026-09-19T20:52:13.918328,24.3,tomato,FRESH,29.71,77.96,950.27,31401,19737,11,0,0
26,2026-09-19 20:52:14,2026-09-19T20:52:14.973184,25.4,tomato,FRESH,29.71,77.92,950.27,31380,19716,15,0,0
27,2026-09-19 20:52:16,2026-09-19T20:52:16.028115,26.4,tomato,FRESH,29.72,77.89,950.29,31389,19697,18,0,0
28,2026-09-19 20:52:17,2026-09-19T20:52:17.082846,27.5,tomato,FRESH,29.72,77.88,950.3,31394,19673,22,0,0
29,2026-09-19 20:52:18,2026-09-19T20:52:18.138079,28.6,tomato,FRESH,29.72,77.86,950.27,31388,19656,25,1,0
30,2026-09-19 20:52:19,2026-09-19T20:52:19.192893,29.6,tomato,FRESH,29.72,77.85,950.26,31400,19634,28,1,0
31,2026-09-19 20:52:20,2026-09-19T20:52:20.247888,30.7,tomato,FRESH,29.73,77.82,950.28,31410,19629,31,1,0
32,2026-09-19 20:52:21,2026-09-19T20:52:21.303087,31.7,tomato,FRESH,29.73,77.82,950.27,31396,19603,34,1,0
33,2026-09-19 20:52:22,2026-09-19T20:52:22.357944,32.8,tomato,FRESH,29.73,77.8,950.3,31402,19580,37,1,0
34,2026-09-19 20:52:23,2026-09-19T20:52:23.413114,33.8,tomato,FRESH,29.73,77.79,950.3,31407,19562,39,1,0
35,2026-09-19 20:52:24,2026-09-19T20:52:24.468035,34.9,tomato,FRESH,29.74,77.79,950.27,31410,19552,41,1,0
36,2026-09-19 20:52:25,2026-09-19T20:52:25.522676,35.9,tomato,FRESH,29.74,77.78,950.3,31405,19530,44,1,0
37,2026-09-19 20:52:26,2026-09-19T20:52:26.577502,37.0,tomato,FRESH,29.74,77.77,950.31,31402,19516,46,1,0
38,2026-09-19 20:52:27,2026-09-19T20:52:27.632655,38.0,tomato,FRESH,29.74,77.75,950.28,31403,19497,48,1,0
39,2026-09-19 20:52:28,2026-09-19T20:52:28.687748,39.1,tomato,FRESH,29.75,77.74,950.29,31408,19484,50,1,0
40,2026-09-19 20:52:29,2026-09-19T20:52:29.743094,40.2,tomato,FRESH,29.74,77.73,950.29,31409,19461,52,1,0
41,2026-09-19 20:52:30,2026-09-19T20:52:30.797909,41.2,tomato,FRESH,29.75,77.71,950.31,31409,19451,54,1,0
42,2026-09-19 20:52:31,2026-09-19T20:52:31.852915,42.3,tomato,FRESH,29.75,77.69,950.32,31406,19433,56,1,0
43,2026-09-19 20:52:32,2026-09-19T20:52:32.907910,43.3,tomato,FRESH,29.75,77.65,950.31,31415,19416,58,1,0
44,2026-09-19 20:52:33,2026-09-19T20:52:33.963312,44.4,tomato,FRESH,29.75,77.64,950.3,31415,19402,59,1,0
45,2026-09-19 20:52:35,2026-09-19T20:52:35.018802,45.4,tomato,FRESH,29.75,77.63,950.31,31413,19387,61,1,0
46,2026-09-19 20:52:36,2026-09-19T20:52:36.073197,46.5,tomato,FRESH,29.75,77.63,950.29,31412,19369,62,1,0
47,2026-09-19 20:52:37,2026-09-19T20:52:37.127998,47.5,tomato,FRESH,29.76,77.61,950.28,31413,19373,64,1,0
48,2026-09-19 20:52:38,2026-09-19T20:52:38.182933,48.6,tomato,FRESH,29.76,77.63,950.3,31415,19346,65,1,0
49,2026-09-19 20:52:39,2026-09-19T20:52:39.238221,49.7,tomato,FRESH,29.76,77.63,950.29,31420,19331,66,1,0
50,2026-09-19 20:52:40,2026-09-19T20:52:40.293209,50.7,tomato,FRESH,29.77,77.63,950.29,31423,19321,67,1,0
51,2026-09-19 20:52:41,2026-09-19T20:52:41.348246,51.8,tomato,FRESH,29.77,77.62,950.3,31414,19304,68,1,0
52,2026-09-19 20:52:42,2026-09-19T20:52:42.403262,52.8,tomato,FRESH,29.77,77.61,950.3,31421,19300,70,1,0
53,2026-09-19 20:52:43,2026-09-19T20:52:43.457923,53.9,tomato,FRESH,29.77,77.61,950.31,31413,19286,71,1,0
54,2026-09-19 20:52:44,2026-09-19T20:52:44.512607,54.9,tomato,FRESH,29.77,77.61,950.3,31418,19273,72,1,0
55,2026-09-19 20:52:45,2026-09-19T20:52:45.568494,56.0,tomato,FRESH,29.78,77.62,950.33,31423,19271,73,1,0
56,2026-09-19 20:52:46,2026-09-19T20:52:46.622974,57.0,tomato,FRESH,29.77,77.64,950.28,31410,19248,74,1,0
57,2026-09-19 20:52:47,2026-09-19T20:52:47.677746,58.1,tomato,FRESH,29.78,77.64,950.32,31416,19239,75,1,0
58,2026-09-19 20:52:48,2026-09-19T20:52:48.732811,59.1,tomato,FRESH,29.78,77.64,950.32,31416,19221,76,1,0
59,2026-09-19 20:52:49,2026-09-19T20:52:49.787919,60.2,tomato,FRESH,29.78,77.64,950.31,31415,19217,77,1,0
60,2026-09-19 20:52:50,2026-09-19T20:52:50.842851,61.3,tomato,FRESH,29.78,77.64,950.32,31421,19202,77,1,0
61,2026-09-19 20:52:51,2026-09-19T20:52:51.898156,62.3,tomato,FRESH,29.79,77.58,950.29,31416,19192,78,1,0
62,2026-09-19 20:52:52,2026-09-19T20:52:52.953363,63.4,tomato,FRESH,29.78,77.54,950.32,31417,19189,79,1,0
63,2026-09-19 20:52:54,2026-09-19T20:52:54.008193,64.4,tomato,FRESH,29.78,77.5,950.29,31409,19164,80,1,0
64,2026-09-19 20:52:55,2026-09-19T20:52:55.063275,65.5,tomato,FRESH,29.78,77.44,950.32,31418,19153,81,1,0
65,2026-09-19 20:52:56,2026-09-19T20:52:56.118231,66.5,tomato,FRESH,29.79,77.38,950.32,31427,19147,81,1,0
66,2026-09-19 20:52:57,2026-09-19T20:52:57.172687,67.6,tomato,FRESH,29.79,77.33,950.31,31420,19132,82,1,0
67,2026-09-19 20:52:58,2026-09-19T20:52:58.228300,68.6,tomato,FRESH,29.79,77.27,950.31,31432,19122,82,1,0
68,2026-09-19 20:52:59,2026-09-19T20:52:59.282981,69.7,tomato,FRESH,29.79,77.23,950.33,31428,19110,83,1,0
69,2026-09-19 20:53:00,2026-09-19T20:53:00.337834,70.8,tomato,FRESH,29.79,77.17,950.32,31432,19105,83,1,0
70,2026-09-19 20:53:01,2026-09-19T20:53:01.392909,71.8,tomato,FRESH,29.78,77.17,950.33,31443,19104,83,1,0
71,2026-09-19 20:53:02,2026-09-19T20:53:02.447975,72.9,tomato,FRESH,29.79,77.14,950.32,31443,19083,84,1,0
72,2026-09-19 20:53:03,2026-09-19T20:53:03.503305,73.9,tomato,FRESH,29.79,77.14,950.33,31446,19074,84,1,0
73,2026-09-19 20:53:04,2026-09-19T20:53:04.558097,75.0,tomato,FRESH,29.79,77.13,950.32,31445,19066,84,1,0
74,2026-09-19 20:53:05,2026-09-19T20:53:05.613177,76.0,tomato,FRESH,29.79,77.13,950.29,31445,19063,84,1,0
75,2026-09-19 20:53:06,2026-09-19T20:53:06.667614,77.1,tomato,FRESH,29.79,77.13,950.3,31449,19055,84,1,0
76,2026-09-19 20:53:07,2026-09-19T20:53:07.722756,78.1,tomato,FRESH,29.79,77.14,950.3,31450,19051,84,1,0
77,2026-09-19 20:53:08,2026-09-19T20:53:08.777847,79.2,tomato,FRESH,29.79,77.13,950.28,31443,19040,85,1,0
78,2026-09-19 20:53:09,2026-09-19T20:53:09.833366,80.2,tomato,FRESH,29.79,77.13,950.3,31439,19031,85,1,0
79,2026-09-19 20:53:10,2026-09-19T20:53:10.887993,81.3,tomato,FRESH,29.79,77.12,950.33,31443,19021,86,1,0
80,2026-09-19 20:53:11,2026-09-19T20:53:11.943223,82.4,tomato,FRESH,29.8,77.11,950.31,31444,19015,86,1,0
81,2026-09-19 20:53:12,2026-09-19T20:53:12.997630,83.4,tomato,FRESH,29.79,77.1,950.31,31451,19003,86,1,0
82,2026-09-19 20:53:14,2026-09-19T20:53:14.053369,84.5,tomato,FRESH,29.8,77.09,950.31,31445,19000,86,1,0
83,2026-09-19 20:53:15,2026-09-19T20:53:15.107867,85.5,tomato,FRESH,29.8,77.09,950.32,31438,18986,87,1,0
84,2026-09-19 20:53:16,2026-09-19T20:53:16.162641,86.6,tomato,FRESH,29.8,77.07,950.33,31432,18982,87,1,0
85,2026-09-19 20:53:17,2026-09-19T20:53:17.218181,87.6,tomato,FRESH,29.8,77.07,950.31,31451,18971,87,1,0
86,2026-09-19 20:53:18,2026-09-19T20:53:18.302123,88.7,tomato,FRESH,29.8,77.06,950.3,31434,18963,88,1,0
87,2026-09-19 20:53:19,2026-09-19T20:53:19.327813,89.7,tomato,FRESH,29.8,77.08,950.34,31437,18957,88,1,0
88,2026-09-19 20:53:20,2026-09-19T20:53:20.383123,90.8,tomato,FRESH,29.8,77.09,950.32,31436,18949,89,1,0
89,2026-09-19 20:53:21,2026-09-19T20:53:21.438100,91.9,tomato,FRESH,29.8,77.09,950.31,31437,18938,89,1,0
90,2026-09-19 20:53:22,2026-09-19T20:53:22.493221,92.9,tomato,FRESH,29.81,77.11,950.34,31430,18941,90,1,0
91,2026-09-19 20:53:23,2026-09-19T20:53:23.548214,94.0,tomato,FRESH,29.8,77.11,950.33,31433,18931,90,1,0
92,2026-09-19 20:53:24,2026-09-19T20:53:24.602939,95.0,tomato,FRESH,29.81,77.12,950.3,31425,18929,91,1,0
93,2026-09-19 20:53:25,2026-09-19T20:53:25.658018,96.1,tomato,FRESH,29.81,77.13,950.34,31430,18918,91,1,0
94,2026-09-19 20:53:26,2026-09-19T20:53:26.713005,97.1,tomato,FRESH,29.81,77.13,950.33,31425,18910,92,1,0
95,2026-09-19 20:53:27,2026-09-19T20:53:27.767738,98.2,tomato,FRESH,29.81,77.15,950.32,31427,18906,92,1,0
96,2026-09-19 20:53:28,2026-09-19T20:53:28.823107,99.2,tomato,FRESH,29.81,77.15,950.35,31431,18895,93,1,0
97,2026-09-19 20:53:29,2026-09-19T20:53:29.878133,100.3,tomato,FRESH,29.81,77.17,950.35,31423,18891,93,1,0
98,2026-09-19 20:53:30,2026-09-19T20:53:30.932915,101.3,tomato,FRESH,29.81,77.17,950.34,31430,18881,93,1,0
99,2026-09-19 20:53:31,2026-09-19T20:53:31.987708,102.4,tomato,FRESH,29.81,77.18,950.33,31416,18876,94,1,0
100,2026-09-19 20:53:33,2026-09-19T20:53:33.043084,103.5,tomato,FRESH,29.81,77.18,950.32,31414,18873,95,1,0
101,2026-09-19 20:53:34,2026-09-19T20:53:34.098164,104.5,tomato,FRESH,29.82,77.18,950.33,31408,18869,95,1,0
102,2026-09-19 20:53:35,2026-09-19T20:53:35.152777,105.6,tomato,FRESH,29.82,77.17,950.32,31406,18861,96,1,0
103,2026-09-19 20:53:36,2026-09-19T20:53:36.208123,106.6,tomato,FRESH,29.81,77.17,950.33,31420,18860,96,1,0
104,2026-09-19 20:53:37,2026-09-19T20:53:37.262612,107.7,tomato,FRESH,29.82,77.17,950.34,31413,18847,97,1,0
105,2026-09-19 20:53:38,2026-09-19T20:53:38.318175,108.7,tomato,FRESH,29.82,77.16,950.31,31419,18845,97,1,0
106,2026-09-19 20:53:39,2026-09-19T20:53:39.373206,109.8,tomato,FRESH,29.82,77.16,950.32,31411,18835,98,1,0
107,2026-09-19 20:53:40,2026-09-19T20:53:40.428155,110.8,tomato,FRESH,29.82,77.16,950.32,31410,18834,98,1,0
108,2026-09-19 20:53:41,2026-09-19T20:53:41.482964,111.9,tomato,FRESH,29.82,77.17,950.33,31401,18819,99,1,0
109,2026-09-19 20:53:42,2026-09-19T20:53:42.537719,113.0,tomato,FRESH,29.82,77.17,950.32,31405,18817,99,1,0
110,2026-09-19 20:53:43,2026-09-19T20:53:43.593153,114.0,tomato,FRESH,29.82,77.16,950.32,31419,18817,99,1,0
111,2026-09-19 20:53:44,2026-09-19T20:53:44.647985,115.1,tomato,FRESH,29.82,77.17,950.32,31412,18813,99,1,0
112,2026-09-19 20:53:45,2026-09-19T20:53:45.703094,116.1,tomato,FRESH,29.82,77.19,950.35,31407,18799,100,1,0
113,2026-09-19 20:53:46,2026-09-19T20:53:46.758005,117.2,tomato,FRESH,29.82,77.17,950.31,31410,18797,100,1,0
114,2026-09-19 20:53:47,2026-09-19T20:53:47.813040,118.2,tomato,FRESH,29.82,77.15,950.32,31417,18796,100,1,0
115,2026-09-19 20:53:48,2026-09-19T20:53:48.868163,119.3,tomato,FRESH,29.82,77.14,950.34,31411,18786,100,1,0
116,2026-09-19 20:53:49,2026-09-19T20:53:49.923123,120.3,tomato,FRESH,29.83,77.14,950.32,31414,18781,100,1,0
117,2026-09-19 20:53:50,2026-09-19T20:53:50.977717,121.4,tomato,FRESH,29.82,77.11,950.33,31411,18778,101,1,0
118,2026-09-19 20:53:52,2026-09-19T20:53:52.032928,122.4,tomato,FRESH,29.82,77.1,950.3,31410,18776,101,1,0
119,2026-09-19 20:53:53,2026-09-19T20:53:53.088221,123.5,tomato,FRESH,29.83,77.1,950.33,31408,18771,101,1,0
120,2026-09-19 20:53:54,2026-09-19T20:53:54.142893,124.6,tomato,FRESH,29.83,77.1,950.32,31412,18766,101,1,0
121,2026-09-19 20:53:55,2026-09-19T20:53:55.197880,125.6,tomato,FRESH,29.82,77.11,950.33,31418,18760,101,1,0
122,2026-09-19 20:53:56,2026-09-19T20:53:56.252772,126.7,tomato,FRESH,29.82,77.1,950.34,31417,18752,101,1,0
123,2026-09-19 20:53:57,2026-09-19T20:53:57.308224,127.7,tomato,FRESH,29.82,77.1,950.32,31420,18749,101,1,0
124,2026-09-19 20:53:58,2026-09-19T20:53:58.363152,128.8,tomato,FRESH,29.83,77.1,950.34,31416,18746,101,1,0
125,2026-09-19 20:53:59,2026-09-19T20:53:59.418033,129.8,tomato,FRESH,29.83,77.12,950.35,31425,18741,101,1,0
126,2026-09-19 20:54:00,2026-09-19T20:54:00.472645,130.9,tomato,FRESH,29.83,77.12,950.34,31419,18741,101,1,0
127,2026-09-19 20:54:01,2026-09-19T20:54:01.528759,131.9,tomato,FRESH,29.83,77.14,950.3,31416,18735,101,1,0
128,2026-09-19 20:54:02,2026-09-19T20:54:02.582978,133.0,tomato,FRESH,29.82,77.14,950.33,31420,18729,101,1,0
129,2026-09-19 20:54:03,2026-09-19T20:54:03.638103,134.1,tomato,FRESH,29.83,77.14,950.35,31417,18727,101,1,0
130,2026-09-19 20:54:04,2026-09-19T20:54:04.693048,135.1,tomato,FRESH,29.83,77.16,950.33,31421,18718,100,1,0
131,2026-09-19 20:54:05,2026-09-19T20:54:05.747893,136.2,tomato,FRESH,29.82,77.14,950.32,31413,18722,101,1,0
132,2026-09-19 20:54:06,2026-09-19T20:54:06.802538,137.2,tomato,FRESH,29.83,77.13,950.33,31408,18710,101,1,0
133,2026-09-19 20:54:07,2026-09-19T20:54:07.857969,138.3,tomato,FRESH,29.83,77.12,950.32,31405,18711,101,1,0
134,2026-09-19 20:54:08,2026-09-19T20:54:08.912892,139.3,tomato,FRESH,29.83,77.1,950.32,31400,18709,101,1,0
135,2026-09-19 20:54:09,2026-09-19T20:54:09.968068,140.4,tomato,FRESH,29.83,77.09,950.3,31418,18708,101,1,0
136,2026-09-19 20:54:11,2026-09-19T20:54:11.022736,141.4,tomato,FRESH,29.83,77.09,950.32,31417,18699,101,1,0
137,2026-09-19 20:54:12,2026-09-19T20:54:12.088349,142.5,tomato,FRESH,29.83,77.08,950.32,31408,18695,101,1,0
138,2026-09-19 20:54:13,2026-09-19T20:54:13.132894,143.5,tomato,FRESH,29.83,77.04,950.36,31412,18688,101,1,0
139,2026-09-19 20:54:14,2026-09-19T20:54:14.188212,144.6,tomato,FRESH,29.83,77.03,950.35,31416,18687,101,1,0
140,2026-09-19 20:54:15,2026-09-19T20:54:15.242724,145.7,tomato,FRESH,29.83,77.04,950.31,31416,18679,101,1,0
141,2026-09-19 20:54:16,2026-09-19T20:54:16.297632,146.7,tomato,FRESH,29.83,77.04,950.33,31411,18681,101,1,0
142,2026-09-19 20:54:17,2026-09-19T20:54:17.352912,147.8,tomato,FRESH,29.83,77.04,950.32,31412,18680,101,1,0
143,2026-09-19 20:54:18,2026-09-19T20:54:18.407784,148.8,tomato,FRESH,29.84,77.02,950.34,31424,18672,101,1,0
144,2026-09-19 20:54:19,2026-09-19T20:54:19.463182,149.9,tomato,FRESH,29.84,76.98,950.34,31414,18669,101,1,0
145,2026-09-19 20:54:20,2026-09-19T20:54:20.517808,150.9,tomato,FRESH,29.83,76.96,950.3,31406,18661,101,1,0
146,2026-09-19 20:54:21,2026-09-19T20:54:21.572786,152.0,tomato,FRESH,29.83,76.95,950.32,31416,18664,101,1,0
147,2026-09-19 20:54:22,2026-09-19T20:54:22.628119,153.0,tomato,FRESH,29.83,76.94,950.32,31410,18666,101,1,0
148,2026-09-19 20:54:23,2026-09-19T20:54:23.682892,154.1,tomato,FRESH,29.83,76.95,950.34,31422,18655,101,1,0
149,2026-09-19 20:54:24,2026-09-19T20:54:24.738292,155.2,tomato,FRESH,29.83,76.97,950.35,31417,18659,101,1,0
150,2026-09-19 20:54:25,2026-09-19T20:54:25.797814,156.2,tomato,FRESH,29.83,77.01,950.35,31419,18655,101,1,0
151,2026-09-19 20:54:26,2026-09-19T20:54:26.847878,157.3,tomato,FRESH,29.83,77.06,950.31,31425,18646,101,1,0
152,2026-09-19 20:54:27,2026-09-19T20:54:27.902977,158.3,tomato,FRESH,29.83,77.09,950.32,31423,18642,100,1,0
153,2026-09-19 20:54:28,2026-09-19T20:54:28.958109,159.4,tomato,FRESH,29.83,77.13,950.31,31418,18645,100,1,0
154,2026-09-19 20:54:30,2026-09-19T20:54:30.012720,160.4,tomato,FRESH,29.83,77.16,950.31,31419,18641,100,1,0
155,2026-09-19 20:54:31,2026-09-19T20:54:31.068053,161.5,tomato,FRESH,29.83,77.2,950.32,31411,18638,100,1,0
156,2026-09-19 20:54:32,2026-09-19T20:54:32.122598,162.5,tomato,FRESH,29.83,77.26,950.32,31408,18644,101,1,0
157,2026-09-19 20:54:33,2026-09-19T20:54:33.178871,163.6,tomato,FRESH,29.83,77.32,950.33,31408,18637,101,1,0
158,2026-09-19 20:54:34,2026-09-19T20:54:34.233047,164.6,tomato,FRESH,29.84,77.38,950.35,31400,18639,101,1,0
159,2026-09-19 20:54:35,2026-09-19T20:54:35.288377,165.7,tomato,FRESH,29.83,77.39,950.34,31408,18637,101,1,0
160,2026-09-19 20:54:36,2026-09-19T20:54:36.342706,166.8,tomato,FRESH,29.83,77.4,950.34,31407,18637,101,1,0
161,2026-09-19 20:54:37,2026-09-19T20:54:37.397847,167.8,tomato,FRESH,29.83,77.38,950.33,31394,18623,102,1,0
162,2026-09-19 20:54:38,2026-09-19T20:54:38.452956,168.9,tomato,FRESH,29.83,77.37,950.34,31400,18624,102,1,0
163,2026-09-19 20:54:39,2026-09-19T20:54:39.508124,169.9,tomato,FRESH,29.83,77.35,950.32,31389,18619,102,1,0
164,2026-09-19 20:54:40,2026-09-19T20:54:40.562436,171.0,tomato,FRESH,29.83,77.37,950.31,31400,18620,102,1,0
165,2026-09-19 20:54:41,2026-09-19T20:54:41.617747,172.0,tomato,FRESH,29.83,77.37,950.32,31392,18612,103,1,0
166,2026-09-19 20:54:42,2026-09-19T20:54:42.672573,173.1,tomato,FRESH,29.83,77.28,950.32,31404,18609,103,1,0
167,2026-09-19 20:54:43,2026-09-19T20:54:43.727749,174.1,tomato,FRESH,29.83,77.1,950.32,31404,18599,103,1,0
168,2026-09-19 20:54:44,2026-09-19T20:54:44.782901,175.2,tomato,FRESH,29.82,76.94,950.31,31396,18590,103,1,0
169,2026-09-19 20:54:45,2026-09-19T20:54:45.837699,176.3,tomato,FRESH,29.83,76.88,950.32,31418,18597,103,1,0
170,2026-09-19 20:54:46,2026-09-19T20:54:46.892611,177.3,tomato,FRESH,29.82,76.9,950.31,31415,18589,102,1,0
171,2026-09-19 20:54:47,2026-09-19T20:54:47.947895,178.4,tomato,FRESH,29.82,76.95,950.32,31418,18594,102,1,0
172,2026-09-19 20:54:49,2026-09-19T20:54:49.002534,179.4,tomato,FRESH,29.82,77.01,950.33,31430,18590,102,1,0
173,2026-09-19 20:54:50,2026-09-19T20:54:50.057568,180.5,tomato,FRESH,29.82,77.05,950.32,31432,18595,101,1,0
174,2026-09-19 20:54:51,2026-09-19T20:54:51.112523,181.5,tomato,FRESH,29.82,77.07,950.34,31439,18585,100,1,0
175,2026-09-19 20:54:52,2026-09-19T20:54:52.167568,182.6,tomato,FRESH,29.83,77.01,950.37,31425,18590,100,1,0
176,2026-09-19 20:54:53,2026-09-19T20:54:53.222868,183.6,tomato,FRESH,29.83,76.96,950.35,31430,18587,100,1,0
177,2026-09-19 20:54:54,2026-09-19T20:54:54.277474,184.7,tomato,FRESH,29.82,76.9,950.34,31430,18579,100,1,0
178,2026-09-19 20:54:55,2026-09-19T20:54:55.332989,185.7,tomato,FRESH,29.82,76.84,950.33,31438,18574,99,1,0
179,2026-09-19 20:54:56,2026-09-19T20:54:56.389019,186.8,tomato,FRESH,29.82,76.79,950.32,31423,18574,99,1,0
180,2026-09-19 20:54:57,2026-09-19T20:54:57.442557,187.9,tomato,FRESH,29.82,76.72,950.33,31441,18577,99,1,0
181,2026-09-19 20:54:58,2026-09-19T20:54:58.497725,188.9,tomato,FRESH,29.82,76.67,950.34,31436,18564,98,1,0
182,2026-09-19 20:54:59,2026-09-19T20:54:59.552530,190.0,tomato,FRESH,29.82,76.64,950.36,31448,18563,98,1,0
183,2026-09-19 20:55:00,2026-09-19T20:55:00.607559,191.0,tomato,FRESH,29.82,76.64,950.31,31443,18567,97,1,0
184,2026-09-19 20:55:01,2026-09-19T20:55:01.662882,192.1,tomato,FRESH,29.82,76.6,950.35,31440,18565,97,1,0
185,2026-09-19 20:55:02,2026-09-19T20:55:02.718470,193.1,tomato,FRESH,29.82,76.57,950.35,31434,18562,97,1,0
186,2026-09-19 20:55:03,2026-09-19T20:55:03.773474,194.2,tomato,FRESH,29.82,76.51,950.34,31439,18552,97,1,0
187,2026-09-19 20:55:04,2026-09-19T20:55:04.828309,195.2,tomato,FRESH,29.82,76.45,950.35,31440,18558,97,1,0
188,2026-09-19 20:55:05,2026-09-19T20:55:05.882839,196.3,tomato,FRESH,29.82,76.4,950.33,31442,18557,96,1,0
189,2026-09-19 20:55:06,2026-09-19T20:55:06.937689,197.4,tomato,FRESH,29.82,76.36,950.34,31441,18543,96,1,0
190,2026-09-19 20:55:07,2026-09-19T20:55:07.992457,198.4,tomato,FRESH,29.82,76.31,950.32,31434,18547,96,1,0
191,2026-09-19 20:55:09,2026-09-19T20:55:09.047789,199.5,tomato,FRESH,29.81,76.27,950.31,31432,18542,96,1,0
192,2026-09-19 20:55:10,2026-09-19T20:55:10.103074,200.5,tomato,FRESH,29.81,76.2,950.33,31434,18538,96,1,0
193,2026-09-19 20:55:11,2026-09-19T20:55:11.158095,201.6,tomato,FRESH,29.82,76.15,950.29,31437,18535,96,1,0
194,2026-09-19 20:55:12,2026-09-19T20:55:12.213156,202.6,tomato,FRESH,29.82,76.1,950.32,31440,18539,96,1,0
195,2026-09-19 20:55:13,2026-09-19T20:55:13.267968,203.7,tomato,FRESH,29.82,76.03,950.34,31450,18531,96,1,0
196,2026-09-19 20:55:14,2026-09-19T20:55:14.323114,204.7,tomato,FRESH,29.82,75.98,950.32,31448,18531,96,1,0
197,2026-09-19 20:55:15,2026-09-19T20:55:15.378149,205.8,tomato,FRESH,29.82,75.95,950.35,31452,18522,96,1,0
198,2026-09-19 20:55:16,2026-09-19T20:55:16.432474,206.8,tomato,FRESH,29.82,75.92,950.33,31445,18533,96,1,0
199,2026-09-19 20:55:17,2026-09-19T20:55:17.487890,207.9,tomato,FRESH,29.82,75.94,950.36,31447,18523,95,1,0
200,2026-09-19 20:55:18,2026-09-19T20:55:18.543180,209.0,tomato,FRESH,29.82,75.95,950.37,31441,18521,95,1,0
201,2026-09-19 20:55:19,2026-09-19T20:55:19.597867,210.0,tomato,FRESH,29.82,75.97,950.33,31445,18521,95,1,0
202,2026-09-19 20:55:20,2026-09-19T20:55:20.653031,211.1,tomato,FRESH,29.82,75.96,950.34,31445,18520,95,1,0
203,2026-09-19 20:55:21,2026-09-19T20:55:21.708183,212.1,tomato,FRESH,29.82,75.98,950.32,31457,18522,95,1,0
204,2026-09-19 20:55:22,2026-09-19T20:55:22.762912,213.2,tomato,FRESH,29.82,76.0,950.32,31444,18514,95,1,0
205,2026-09-19 20:55:23,2026-09-19T20:55:23.817844,214.2,tomato,FRESH,29.82,76.0,950.29,31446,18516,95,1,0
206,2026-09-19 20:55:24,2026-09-19T20:55:24.872853,215.3,tomato,FRESH,29.82,76.0,950.31,31447,18511,95,1,0
207,2026-09-19 20:55:25,2026-09-19T20:55:25.928674,216.3,tomato,FRESH,29.83,76.0,950.33,31445,18513,95,1,0
208,2026-09-19 20:55:26,2026-09-19T20:55:26.982902,217.4,tomato,FRESH,29.82,76.0,950.35,31443,18501,95,1,0
209,2026-09-19 20:55:28,2026-09-19T20:55:28.037805,218.5,tomato,FRESH,29.82,76.01,950.31,31439,18506,96,1,0
210,2026-09-19 20:55:29,2026-09-19T20:55:29.093164,219.5,tomato,FRESH,29.83,76.0,950.34,31433,18511,96,1,0
211,2026-09-19 20:55:30,2026-09-19T20:55:30.147488,220.6,tomato,FRESH,29.82,76.01,950.32,31445,18509,96,1,0
212,2026-09-19 20:55:31,2026-09-19T20:55:31.205166,221.6,tomato,FRESH,29.82,76.03,950.32,31421,18496,96,1,0
213,2026-09-19 20:55:32,2026-09-19T20:55:32.257535,222.7,tomato,FRESH,29.83,76.02,950.35,31438,18500,97,1,0
214,2026-09-19 20:55:33,2026-09-19T20:55:33.312697,223.7,tomato,FRESH,29.82,76.01,950.31,31427,18499,97,1,0
215,2026-09-19 20:55:34,2026-09-19T20:55:34.367837,224.8,tomato,FRESH,29.83,76.0,950.32,31425,18497,97,1,0
216,2026-09-19 20:55:35,2026-09-19T20:55:35.422433,225.8,tomato,FRESH,29.83,75.98,950.31,31425,18498,98,1,0
217,2026-09-19 20:55:36,2026-09-19T20:55:36.477751,226.9,tomato,FRESH,29.83,75.97,950.35,31421,18489,98,1,0
218,2026-09-19 20:55:37,2026-09-19T20:55:37.532887,227.9,tomato,FRESH,29.83,75.97,950.33,31430,18493,98,1,0
219,2026-09-19 20:55:38,2026-09-19T20:55:38.588147,229.0,tomato,FRESH,29.83,75.96,950.34,31421,18489,99,1,0
220,2026-09-19 20:55:39,2026-09-19T20:55:39.642479,230.1,tomato,FRESH,29.83,75.96,950.34,31423,18487,99,1,0
221,2026-09-19 20:55:40,2026-09-19T20:55:40.697596,231.1,tomato,FRESH,29.83,75.97,950.33,31428,18489,99,1,0
222,2026-09-19 20:55:41,2026-09-19T20:55:41.753162,232.2,tomato,FRESH,29.83,75.97,950.35,31433,18483,99,1,0
223,2026-09-19 20:55:42,2026-09-19T20:55:42.807585,233.2,tomato,FRESH,29.83,75.98,950.37,31430,18483,99,1,0
224,2026-09-19 20:55:43,2026-09-19T20:55:43.862408,234.3,tomato,FRESH,29.83,75.98,950.34,31427,18487,100,1,0
225,2026-09-19 20:55:44,2026-09-19T20:55:44.917516,235.3,tomato,FRESH,29.83,75.96,950.32,31436,18487,99,1,0
226,2026-09-19 20:55:45,2026-09-19T20:55:45.972684,236.4,tomato,FRESH,29.83,75.94,950.32,31430,18483,100,1,0
227,2026-09-19 20:55:47,2026-09-19T20:55:47.027582,237.4,tomato,FRESH,29.84,75.95,950.33,31427,18486,100,1,0
228,2026-09-19 20:55:48,2026-09-19T20:55:48.082647,238.5,tomato,FRESH,29.84,75.92,950.36,31432,18479,100,1,0
229,2026-09-19 20:55:49,2026-09-19T20:55:49.138145,239.6,tomato,FRESH,29.83,75.9,950.35,31431,18476,100,1,0
230,2026-09-19 20:55:50,2026-09-19T20:55:50.192492,240.6,tomato,FRESH,29.83,75.9,950.35,31424,18466,100,1,0
231,2026-09-19 20:55:51,2026-09-19T20:55:51.247879,241.7,tomato,FRESH,29.84,75.88,950.35,31425,18470,100,1,0
232,2026-09-19 20:55:52,2026-09-19T20:55:52.302652,242.7,tomato,FRESH,29.84,75.87,950.32,31421,18467,100,1,0
233,2026-09-19 20:55:53,2026-09-19T20:55:53.357638,243.8,tomato,FRESH,29.83,75.85,950.34,31430,18470,100,1,0
234,2026-09-19 20:55:54,2026-09-19T20:55:54.412517,244.8,tomato,FRESH,29.83,75.85,950.35,31435,18466,100,1,0
235,2026-09-19 20:55:55,2026-09-19T20:55:55.467863,245.9,tomato,FRESH,29.83,75.84,950.35,31437,18467,100,1,0
236,2026-09-19 20:55:56,2026-09-19T20:55:56.523012,246.9,tomato,FRESH,29.83,75.87,950.37,31429,18458,100,1,0
237,2026-09-19 20:55:57,2026-09-19T20:55:57.577646,248.0,tomato,FRESH,29.83,75.83,950.33,31427,18456,100,1,0
238,2026-09-19 20:55:58,2026-09-19T20:55:58.632803,249.0,tomato,FRESH,29.83,75.82,950.33,31431,18455,100,1,0
239,2026-09-19 20:55:59,2026-09-19T20:55:59.687859,250.1,tomato,FRESH,29.83,75.82,950.33,31429,18460,100,1,0
240,2026-09-19 20:56:00,2026-09-19T20:56:00.743221,251.2,tomato,FRESH,29.83,75.81,950.36,31431,18465,100,1,0
241,2026-09-19 20:56:01,2026-09-19T20:56:01.797837,252.2,tomato,FRESH,29.83,75.82,950.34,31437,18456,100,1,0
242,2026-09-19 20:56:02,2026-09-19T20:56:02.852745,253.3,tomato,FRESH,29.83,75.84,950.35,31432,18458,100,1,0
243,2026-09-19 20:56:03,2026-09-19T20:56:03.907725,254.3,tomato,FRESH,29.83,75.87,950.32,31435,18452,100,1,0
244,2026-09-19 20:56:04,2026-09-19T20:56:04.963053,255.4,tomato,FRESH,29.83,75.87,950.34,31422,18451,100,1,0
245,2026-09-19 20:56:06,2026-09-19T20:56:06.017877,256.4,tomato,FRESH,29.83,75.87,950.35,31438,18448,100,1,0
246,2026-09-19 20:56:07,2026-09-19T20:56:07.073073,257.5,tomato,FRESH,29.83,75.87,950.35,31418,18451,100,1,0
247,2026-09-19 20:56:08,2026-09-19T20:56:08.128426,258.5,tomato,FRESH,29.83,75.88,950.35,31433,18450,100,1,0
248,2026-09-19 20:56:09,2026-09-19T20:56:09.182972,259.6,tomato,FRESH,29.83,75.9,950.32,31422,18451,101,1,0
249,2026-09-19 20:56:10,2026-09-19T20:56:10.237518,260.7,tomato,FRESH,29.83,75.92,950.35,31421,18443,101,1,0
250,2026-09-19 20:56:11,2026-09-19T20:56:11.293158,261.7,tomato,FRESH,29.83,75.92,950.35,31425,18450,101,1,0
251,2026-09-19 20:56:12,2026-09-19T20:56:12.347843,262.8,tomato,FRESH,29.83,75.95,950.35,31419,18443,101,1,0
252,2026-09-19 20:56:13,2026-09-19T20:56:13.402694,263.8,tomato,FRESH,29.83,75.94,950.35,31423,18444,101,1,0
253,2026-09-19 20:56:14,2026-09-19T20:56:14.458092,264.9,tomato,FRESH,29.84,75.94,950.34,31424,18448,101,1,0
254,2026-09-19 20:56:15,2026-09-19T20:56:15.512807,265.9,tomato,FRESH,29.83,75.92,950.31,31420,18440,101,1,0
255,2026-09-19 20:56:16,2026-09-19T20:56:16.567788,267.0,tomato,FRESH,29.83,75.91,950.33,31420,18443,101,1,0
256,2026-09-19 20:56:17,2026-09-19T20:56:17.623117,268.0,tomato,FRESH,29.83,75.91,950.34,31421,18438,101,1,0
257,2026-09-19 20:56:18,2026-09-19T20:56:18.678004,269.1,tomato,FRESH,29.83,75.9,950.34,31426,18443,101,1,0
258,2026-09-19 20:56:19,2026-09-19T20:56:19.732401,270.1,tomato,FRESH,29.83,75.89,950.32,31422,18440,102,1,0
259,2026-09-19 20:56:20,2026-09-19T20:56:20.787896,271.2,tomato,FRESH,29.84,75.87,950.32,31426,18431,101,1,0
260,2026-09-19 20:56:21,2026-09-19T20:56:21.842765,272.3,tomato,FRESH,29.83,75.85,950.33,31429,18429,101,1,0
261,2026-09-19 20:56:22,2026-09-19T20:56:22.897398,273.3,tomato,FRESH,29.83,75.81,950.32,31426,18430,101,1,0
262,2026-09-19 20:56:23,2026-09-19T20:56:23.952449,274.4,tomato,FRESH,29.83,75.76,950.34,31429,18432,101,1,0
263,2026-09-19 20:56:25,2026-09-19T20:56:25.007419,275.4,tomato,FRESH,29.83,75.75,950.35,31431,18426,101,1,0
264,2026-09-19 20:56:26,2026-09-19T20:56:26.062472,276.5,tomato,FRESH,29.83,75.72,950.33,31423,18427,101,1,0
265,2026-09-19 20:56:27,2026-09-19T20:56:27.117809,277.5,tomato,FRESH,29.83,75.69,950.35,31431,18417,101,1,0
266,2026-09-19 20:56:28,2026-09-19T20:56:28.172539,278.6,tomato,FRESH,29.83,75.7,950.37,31426,18423,101,1,0
267,2026-09-19 20:56:29,2026-09-19T20:56:29.227847,279.6,tomato,FRESH,29.83,75.73,950.36,31431,18428,101,1,0
268,2026-09-19 20:56:30,2026-09-19T20:56:30.282950,280.7,tomato,FRESH,29.83,75.71,950.32,31435,18421,101,1,0
269,2026-09-19 20:56:31,2026-09-19T20:56:31.337873,281.8,tomato,FRESH,29.83,75.75,950.34,31427,18420,101,1,0
270,2026-09-19 20:56:32,2026-09-19T20:56:32.392703,282.8,tomato,FRESH,29.83,75.75,950.32,31429,18419,101,1,0
271,2026-09-19 20:56:33,2026-09-19T20:56:33.447928,283.9,tomato,FRESH,29.83,75.78,950.33,31431,18421,101,1,0
272,2026-09-19 20:56:34,2026-09-19T20:56:34.502939,284.9,tomato,FRESH,29.83,75.81,950.31,31426,18421,101,1,0
273,2026-09-19 20:56:35,2026-09-19T20:56:35.557766,286.0,tomato,FRESH,29.83,75.83,950.31,31432,18418,100,1,0
274,2026-09-19 20:56:36,2026-09-19T20:56:36.612863,287.0,tomato,FRESH,29.83,75.84,950.35,31424,18419,101,1,0
275,2026-09-19 20:56:37,2026-09-19T20:56:37.667943,288.1,tomato,FRESH,29.83,75.87,950.33,31425,18420,101,1,0
276,2026-09-19 20:56:38,2026-09-19T20:56:38.723093,289.1,tomato,FRESH,29.83,75.89,950.31,31431,18415,101,1,0
277,2026-09-19 20:56:39,2026-09-19T20:56:39.777781,290.2,tomato,FRESH,29.83,75.9,950.32,31424,18418,101,1,0
278,2026-09-19 20:56:40,2026-09-19T20:56:40.832817,291.2,tomato,FRESH,29.84,75.91,950.33,31420,18409,101,1,0
279,2026-09-19 20:56:41,2026-09-19T20:56:41.887729,292.3,tomato,FRESH,29.83,75.92,950.33,31424,18415,101,1,0
280,2026-09-19 20:56:42,2026-09-19T20:56:42.942783,293.4,tomato,FRESH,29.83,75.92,950.34,31417,18416,101,1,0
281,2026-09-19 20:56:43,2026-09-19T20:56:43.997837,294.4,tomato,FRESH,29.84,75.92,950.34,31413,18415,101,1,0
282,2026-09-19 20:56:45,2026-09-19T20:56:45.052564,295.5,tomato,FRESH,29.84,75.94,950.37,31413,18416,101,1,0
283,2026-09-19 20:56:46,2026-09-19T20:56:46.107793,296.5,tomato,FRESH,29.83,75.91,950.31,31417,18413,102,1,0
284,2026-09-19 20:56:47,2026-09-19T20:56:47.162787,297.6,tomato,FRESH,29.83,75.91,950.32,31412,18408,102,1,0
285,2026-09-19 20:56:48,2026-09-19T20:56:48.218018,298.6,tomato,FRESH,29.83,75.91,950.34,31413,18409,102,1,0
286,2026-09-19 20:56:49,2026-09-19T20:56:49.272648,299.7,tomato,FRESH,29.83,75.88,950.35,31412,18397,102,1,0
287,2026-09-19 20:56:50,2026-09-19T20:56:50.327832,300.7,tomato,FRESH,29.83,75.89,950.34,31405,18407,102,1,0
288,2026-09-19 20:56:51,2026-09-19T20:56:51.382632,301.8,tomato,FRESH,29.83,75.91,950.32,31413,18405,103,1,0
289,2026-09-19 20:56:52,2026-09-19T20:56:52.437706,302.9,tomato,FRESH,29.83,75.94,950.34,31412,18406,103,1,0
290,2026-09-19 20:56:53,2026-09-19T20:56:53.493244,303.9,tomato,FRESH,29.83,75.95,950.34,31410,18392,103,1,0
291,2026-09-19 20:56:54,2026-09-19T20:56:54.547796,305.0,tomato,FRESH,29.83,75.96,950.34,31423,18401,103,1,0
292,2026-09-19 20:56:55,2026-09-19T20:56:55.603053,306.0,tomato,FRESH,29.83,75.97,950.34,31407,18398,103,1,0
293,2026-09-19 20:56:56,2026-09-19T20:56:56.657803,307.1,tomato,FRESH,29.83,75.97,950.35,31411,18405,103,1,0
294,2026-09-19 20:56:57,2026-09-19T20:56:57.712429,308.1,tomato,FRESH,29.83,75.98,950.36,31414,18395,103,1,0
295,2026-09-19 20:56:58,2026-09-19T20:56:58.767803,309.2,tomato,FRESH,29.83,75.97,950.32,31403,18397,103,1,0
296,2026-09-19 20:56:59,2026-09-19T20:56:59.822931,310.2,tomato,FRESH,29.83,76.02,950.31,31420,18395,103,1,0
297,2026-09-19 20:57:00,2026-09-19T20:57:00.878175,311.3,tomato,FRESH,29.84,76.03,950.35,31400,18393,103,1,0
298,2026-09-19 20:57:01,2026-09-19T20:57:01.932868,312.3,tomato,FRESH,29.84,76.02,950.34,31418,18399,103,1,0
299,2026-09-19 20:57:02,2026-09-19T20:57:02.987717,313.4,tomato,FRESH,29.83,76.01,950.33,31412,18399,103,1,0
300,2026-09-19 20:57:04,2026-09-19T20:57:04.042836,314.5,tomato,FRESH,29.83,75.97,950.33,31407,18388,103,1,0
301,2026-09-19 20:57:05,2026-09-19T20:57:05.097883,315.5,tomato,FRESH,29.83,75.94,950.37,31405,18390,103,1,0
302,2026-09-19 20:57:06,2026-09-19T20:57:06.152786,316.6,tomato,FRESH,29.83,75.91,950.34,31400,18384,103,1,0
303,2026-09-19 20:57:07,2026-09-19T20:57:07.208133,317.6,tomato,FRESH,29.84,75.92,950.36,31412,18390,103,1,0
304,2026-09-19 20:57:08,2026-09-19T20:57:08.262487,318.7,tomato,FRESH,29.83,75.94,950.35,31407,18387,103,1,0
305,2026-09-19 20:57:09,2026-09-19T20:57:09.317800,319.7,tomato,FRESH,29.83,75.96,950.36,31417,18383,103,1,0
306,2026-09-19 20:57:10,2026-09-19T20:57:10.373046,320.8,tomato,FRESH,29.83,76.0,950.33,31414,18385,103,1,0
307,2026-09-19 20:57:11,2026-09-19T20:57:11.427442,321.8,tomato,FRESH,29.83,76.04,950.33,31403,18378,103,1,0
308,2026-09-19 20:57:12,2026-09-19T20:57:12.482813,322.9,tomato,FRESH,29.83,76.08,950.34,31413,18381,103,1,0
309,2026-09-19 20:57:13,2026-09-19T20:57:13.537451,324.0,tomato,FRESH,29.83,76.09,950.33,31414,18383,103,1,0
310,2026-09-19 20:57:14,2026-09-19T20:57:14.594294,325.0,tomato,FRESH,29.84,76.09,950.35,31410,18383,103,1,0
311,2026-09-19 20:57:15,2026-09-19T20:57:15.647788,326.1,tomato,FRESH,29.84,76.07,950.34,31413,18383,103,1,0
312,2026-09-19 20:57:16,2026-09-19T20:57:16.703399,327.1,tomato,FRESH,29.83,76.06,950.33,31406,18374,103,1,0
313,2026-09-19 20:57:17,2026-09-19T20:57:17.757954,328.2,tomato,FRESH,29.84,76.02,950.35,31403,18380,103,1,0
314,2026-09-19 20:57:18,2026-09-19T20:57:18.812681,329.2,tomato,FRESH,29.84,75.98,950.35,31407,18383,103,1,0
315,2026-09-19 20:57:19,2026-09-19T20:57:19.868132,330.3,tomato,FRESH,29.83,75.92,950.32,31409,18380,103,1,0
316,2026-09-19 20:57:20,2026-09-19T20:57:20.923081,331.3,tomato,FRESH,29.83,75.88,950.32,31408,18371,103,1,0
317,2026-09-19 20:57:21,2026-09-19T20:57:21.977371,332.4,tomato,FRESH,29.83,75.81,950.34,31412,18367,103,1,0
318,2026-09-19 20:57:23,2026-09-19T20:57:23.032808,333.4,tomato,FRESH,29.83,75.75,950.34,31417,18368,103,1,0
319,2026-09-19 20:57:24,2026-09-19T20:57:24.087852,334.5,tomato,FRESH,29.83,75.72,950.37,31418,18367,102,1,0
320,2026-09-19 20:57:25,2026-09-19T20:57:25.143060,335.6,tomato,FRESH,29.83,75.7,950.36,31419,18364,102,1,0
321,2026-09-19 20:57:26,2026-09-19T20:57:26.197630,336.6,tomato,FRESH,29.83,75.67,950.35,31422,18359,102,1,0
322,2026-09-19 20:57:27,2026-09-19T20:57:27.253457,337.7,tomato,FRESH,29.83,75.64,950.33,31423,18356,102,1,0
323,2026-09-19 20:57:28,2026-09-19T20:57:28.307701,338.7,tomato,FRESH,29.83,75.6,950.35,31429,18362,101,1,0
324,2026-09-19 20:57:29,2026-09-19T20:57:29.362771,339.8,tomato,FRESH,29.83,75.57,950.35,31425,18363,101,1,0
325,2026-09-19 20:57:30,2026-09-19T20:57:30.417769,340.8,tomato,FRESH,29.83,75.54,950.32,31427,18360,101,1,0
326,2026-09-19 20:57:31,2026-09-19T20:57:31.472997,341.9,tomato,FRESH,29.83,75.48,950.36,31441,18352,100,1,0
327,2026-09-19 20:57:32,2026-09-19T20:57:32.527758,342.9,tomato,FRESH,29.83,75.46,950.34,31421,18349,100,1,0
328,2026-09-19 20:57:33,2026-09-19T20:57:33.582809,344.0,tomato,FRESH,29.83,75.44,950.35,31428,18348,100,1,0
329,2026-09-19 20:57:34,2026-09-19T20:57:34.638049,345.1,tomato,FRESH,29.83,75.42,950.32,31427,18351,100,1,0
330,2026-09-19 20:57:35,2026-09-19T20:57:35.692962,346.1,tomato,FRESH,29.83,75.41,950.34,31441,18352,99,1,0
331,2026-09-19 20:57:36,2026-09-19T20:57:36.747724,347.2,tomato,FRESH,29.83,75.4,950.35,31433,18349,99,1,0
332,2026-09-19 20:57:37,2026-09-19T20:57:37.803321,348.2,tomato,FRESH,29.83,75.44,950.34,31442,18348,99,1,0
333,2026-09-19 20:57:38,2026-09-19T20:57:38.858010,349.3,tomato,FRESH,29.83,75.44,950.32,31433,18352,98,1,0
334,2026-09-19 20:57:39,2026-09-19T20:57:39.912753,350.3,tomato,FRESH,29.83,75.41,950.32,31453,18353,98,1,0
335,2026-09-19 20:57:40,2026-09-19T20:57:40.968116,351.4,tomato,FRESH,29.83,75.41,950.34,31432,18346,98,1,0
336,2026-09-19 20:57:42,2026-09-19T20:57:42.022819,352.4,tomato,FRESH,29.83,75.41,950.35,31442,18351,98,1,0
337,2026-09-19 20:57:43,2026-09-19T20:57:43.078055,353.5,tomato,FRESH,29.83,75.42,950.33,31444,18347,97,1,0
338,2026-09-19 20:57:44,2026-09-19T20:57:44.132744,354.5,tomato,FRESH,29.83,75.41,950.32,31424,18345,97,1,0
339,2026-09-19 20:57:45,2026-09-19T20:57:45.188074,355.6,tomato,FRESH,29.83,75.42,950.33,31438,18350,97,1,0
340,2026-09-19 20:57:46,2026-09-19T20:57:46.243246,356.7,tomato,FRESH,29.83,75.44,950.33,31449,18349,97,1,0
341,2026-09-19 20:57:47,2026-09-19T20:57:47.297848,357.7,tomato,FRESH,29.83,75.41,950.35,31441,18345,97,1,0
342,2026-09-19 20:57:48,2026-09-19T20:57:48.352987,358.8,tomato,FRESH,29.83,75.39,950.34,31442,18347,97,1,0
343,2026-09-19 20:57:49,2026-09-19T20:57:49.407411,359.8,tomato,FRESH,29.83,75.39,950.34,31435,18349,97,1,0
344,2026-09-19 20:57:50,2026-09-19T20:57:50.462782,360.9,tomato,FRESH,29.83,75.39,950.35,31440,18342,97,1,0
345,2026-09-19 20:57:51,2026-09-19T20:57:51.517848,361.9,tomato,FRESH,29.83,75.39,950.35,31428,18342,97,1,0
346,2026-09-19 20:57:52,2026-09-19T20:57:52.573029,363.0,tomato,FRESH,29.83,75.38,950.34,31440,18342,97,1,0
347,2026-09-19 20:57:53,2026-09-19T20:57:53.627749,364.0,tomato,FRESH,29.82,75.36,950.32,31440,18341,97,1,0
348,2026-09-19 20:57:54,2026-09-19T20:57:54.682839,365.1,tomato,FRESH,29.83,75.38,950.34,31430,18341,97,1,0
349,2026-09-19 20:57:55,2026-09-19T20:57:55.738098,366.2,tomato,FRESH,29.83,75.36,950.35,31447,18338,97,1,0
350,2026-09-19 20:57:56,2026-09-19T20:57:56.792506,367.2,tomato,FRESH,29.83,75.36,950.36,31435,18346,97,1,0
351,2026-09-19 20:57:57,2026-09-19T20:57:57.847779,368.3,tomato,FRESH,29.83,75.36,950.35,31440,18343,97,1,0
352,2026-09-19 20:57:58,2026-09-19T20:57:58.902840,369.3,tomato,FRESH,29.83,75.38,950.36,31437,18345,97,1,0
353,2026-09-19 20:57:59,2026-09-19T20:57:59.958023,370.4,tomato,FRESH,29.83,75.38,950.35,31441,18341,97,1,0
354,2026-09-19 20:58:01,2026-09-19T20:58:01.012725,371.4,tomato,FRESH,29.83,75.39,950.33,31440,18338,97,1,0
355,2026-09-19 20:58:02,2026-09-19T20:58:02.067914,372.5,tomato,FRESH,29.83,75.41,950.34,31429,18334,97,1,0
356,2026-09-19 20:58:03,2026-09-19T20:58:03.123624,373.5,tomato,FRESH,29.83,75.42,950.37,31441,18340,97,1,0
357,2026-09-19 20:58:04,2026-09-19T20:58:04.177559,374.6,tomato,FRESH,29.83,75.45,950.36,31435,18341,97,1,0
358,2026-09-19 20:58:05,2026-09-19T20:58:05.232760,375.6,tomato,FRESH,29.82,75.48,950.36,31437,18335,97,1,0
359,2026-09-19 20:58:06,2026-09-19T20:58:06.287993,376.7,tomato,FRESH,29.83,75.5,950.34,31442,18336,97,1,0
360,2026-09-19 20:58:07,2026-09-19T20:58:07.342804,377.8,tomato,FRESH,29.83,75.53,950.34,31436,18338,97,1,0
361,2026-09-19 20:58:08,2026-09-19T20:58:08.397887,378.8,tomato,FRESH,29.83,75.56,950.35,31429,18337,97,1,0
362,2026-09-19 20:58:09,2026-09-19T20:58:09.452785,379.9,tomato,FRESH,29.83,75.58,950.33,31423,18337,98,1,0
363,2026-09-19 20:58:10,2026-09-19T20:58:10.507735,380.9,tomato,FRESH,29.83,75.58,950.36,31423,18335,98,1,0
364,2026-09-19 20:58:11,2026-09-19T20:58:11.562597,382.0,tomato,FRESH,29.83,75.63,950.34,31424,18340,98,1,0
365,2026-09-19 20:58:12,2026-09-19T20:58:12.617708,383.0,tomato,FRESH,29.83,75.67,950.32,31421,18337,99,1,0
366,2026-09-19 20:58:13,2026-09-19T20:58:13.673024,384.1,tomato,FRESH,29.83,75.69,950.35,31422,18336,99,1,0
367,2026-09-19 20:58:14,2026-09-19T20:58:14.728213,385.1,tomato,FRESH,29.83,75.7,950.35,31415,18335,99,1,0
368,2026-09-19 20:58:15,2026-09-19T20:58:15.782675,386.2,tomato,FRESH,29.83,75.69,950.36,31417,18333,100,1,0
369,2026-09-19 20:58:16,2026-09-19T20:58:16.837541,387.3,tomato,FRESH,29.83,75.69,950.35,31416,18334,100,1,0
370,2026-09-19 20:58:17,2026-09-19T20:58:17.892901,388.3,tomato,FRESH,29.83,75.66,950.35,31425,18338,100,1,0
371,2026-09-19 20:58:18,2026-09-19T20:58:18.947506,389.4,tomato,FRESH,29.83,75.69,950.37,31415,18336,100,1,0
372,2026-09-19 20:58:20,2026-09-19T20:58:20.003343,390.4,tomato,FRESH,29.83,75.67,950.36,31407,18329,101,1,0
373,2026-09-19 20:58:21,2026-09-19T20:58:21.057965,391.5,tomato,FRESH,29.83,75.69,950.35,31410,18328,101,1,0
374,2026-09-19 20:58:22,2026-09-19T20:58:22.112437,392.5,tomato,FRESH,29.83,75.67,950.38,31418,18327,101,1,0
375,2026-09-19 20:58:23,2026-09-19T20:58:23.167819,393.6,tomato,FRESH,29.83,75.66,950.36,31423,18328,101,1,0
376,2026-09-19 20:58:24,2026-09-19T20:58:24.222994,394.6,tomato,FRESH,29.83,75.67,950.36,31416,18330,101,1,0
377,2026-09-19 20:58:25,2026-09-19T20:58:25.277809,395.7,tomato,FRESH,29.83,75.72,950.35,31407,18330,102,1,0
378,2026-09-19 20:58:26,2026-09-19T20:58:26.332602,396.7,tomato,FRESH,29.84,75.73,950.37,31411,18325,102,1,0
379,2026-09-19 20:58:27,2026-09-19T20:58:27.387652,397.8,tomato,FRESH,29.83,75.76,950.38,31416,18325,102,1,0
380,2026-09-19 20:58:28,2026-09-19T20:58:28.443355,398.9,tomato,FRESH,29.83,75.79,950.39,31416,18330,102,1,0
381,2026-09-19 20:58:29,2026-09-19T20:58:29.497897,399.9,tomato,FRESH,29.83,75.82,950.35,31415,18328,102,1,0
382,2026-09-19 20:58:30,2026-09-19T20:58:30.553458,401.0,tomato,FRESH,29.83,75.84,950.36,31402,18328,103,1,0
383,2026-09-19 20:58:31,2026-09-19T20:58:31.607719,402.0,tomato,FRESH,29.83,75.87,950.37,31405,18325,103,1,0
384,2026-09-19 20:58:32,2026-09-19T20:58:32.662666,403.1,tomato,FRESH,29.83,75.89,950.37,31406,18328,103,1,0
385,2026-09-19 20:58:33,2026-09-19T20:58:33.717553,404.1,tomato,FRESH,29.83,75.9,950.37,31392,18323,104,1,0
386,2026-09-19 20:58:34,2026-09-19T20:58:34.772914,405.2,tomato,FRESH,29.83,75.9,950.38,31395,18320,104,1,0
387,2026-09-19 20:58:35,2026-09-19T20:58:35.828142,406.2,tomato,FRESH,29.83,75.89,950.35,31406,18321,104,1,0
388,2026-09-19 20:58:36,2026-09-19T20:58:36.882651,407.3,tomato,FRESH,29.83,75.87,950.38,31405,18321,104,1,0
389,2026-09-19 20:58:37,2026-09-19T20:58:37.938011,408.4,tomato,FRESH,29.83,75.85,950.37,31403,18325,104,1,0
390,2026-09-19 20:58:38,2026-09-19T20:58:38.993581,409.4,tomato,FRESH,29.83,75.82,950.33,31395,18315,104,1,0
391,2026-09-19 20:58:40,2026-09-19T20:58:40.047781,410.5,tomato,FRESH,29.83,75.79,950.37,31404,18317,104,1,0
392,2026-09-19 20:58:41,2026-09-19T20:58:41.103024,411.5,tomato,FRESH,29.83,75.76,950.37,31408,18316,104,1,0
393,2026-09-19 20:58:42,2026-09-19T20:58:42.157979,412.6,tomato,FRESH,29.82,75.74,950.37,31405,18314,104,1,0
394,2026-09-19 20:58:43,2026-09-19T20:58:43.212766,413.6,tomato,FRESH,29.82,75.73,950.35,31417,18310,104,1,0
395,2026-09-19 20:58:44,2026-09-19T20:58:44.268107,414.7,tomato,FRESH,29.83,75.7,950.38,31408,18308,104,1,0
396,2026-09-19 20:58:45,2026-09-19T20:58:45.322742,415.7,tomato,FRESH,29.83,75.72,950.37,31408,18311,104,1,0
397,2026-09-19 20:58:46,2026-09-19T20:58:46.378079,416.8,tomato,FRESH,29.83,75.75,950.37,31423,18311,104,1,0
398,2026-09-19 20:58:47,2026-09-19T20:58:47.432300,417.8,tomato,FRESH,29.83,75.76,950.35,31416,18310,103,1,0
399,2026-09-19 20:58:48,2026-09-19T20:58:48.487618,418.9,tomato,FRESH,29.83,75.76,950.36,31423,18314,103,1,0
400,2026-09-19 20:58:49,2026-09-19T20:58:49.542569,420.0,tomato,FRESH,29.82,75.76,950.36,31412,18311,103,1,0
401,2026-09-19 20:58:50,2026-09-19T20:58:50.597508,421.0,tomato,FRESH,29.82,75.77,950.35,31424,18304,103,1,0
402,2026-09-19 20:58:51,2026-09-19T20:58:51.652351,422.1,tomato,FRESH,29.83,75.78,950.39,31413,18312,103,1,0
403,2026-09-19 20:58:52,2026-09-19T20:58:52.707918,423.1,tomato,FRESH,29.83,75.77,950.36,31423,18307,102,1,0
404,2026-09-19 20:58:53,2026-09-19T20:58:53.762376,424.2,tomato,FRESH,29.83,75.73,950.36,31410,18306,102,1,0
405,2026-09-19 20:58:54,2026-09-19T20:58:54.817717,425.2,tomato,FRESH,29.82,75.72,950.34,31412,18302,102,1,0
406,2026-09-19 20:58:55,2026-09-19T20:58:55.872375,426.3,tomato,FRESH,29.82,75.68,950.37,31417,18303,102,1,0
407,2026-09-19 20:58:56,2026-09-19T20:58:56.927695,427.3,tomato,FRESH,29.83,75.67,950.37,31424,18304,102,1,0
408,2026-09-19 20:58:57,2026-09-19T20:58:57.982323,428.4,tomato,FRESH,29.82,75.68,950.37,31421,18303,102,1,0
409,2026-09-19 20:58:59,2026-09-19T20:58:59.037772,429.5,tomato,FRESH,29.82,75.68,950.37,31425,18304,101,1,0
410,2026-09-19 20:59:00,2026-09-19T20:59:00.092931,430.5,tomato,FRESH,29.82,75.7,950.37,31415,18299,101,1,0
411,2026-09-19 20:59:01,2026-09-19T20:59:01.147529,431.6,tomato,FRESH,29.83,75.71,950.37,31431,18301,101,1,0
412,2026-09-19 20:59:02,2026-09-19T20:59:02.202661,432.6,tomato,FRESH,29.83,75.73,950.39,31418,18302,101,1,0
413,2026-09-19 20:59:03,2026-09-19T20:59:03.257847,433.7,tomato,FRESH,29.83,75.76,950.38,31419,18309,101,1,0
414,2026-09-19 20:59:04,2026-09-19T20:59:04.312845,434.7,tomato,FRESH,29.82,75.78,950.37,31413,18300,101,1,0
415,2026-09-19 20:59:05,2026-09-19T20:59:05.367476,435.8,tomato,FRESH,29.83,75.82,950.38,31422,18304,101,1,0
416,2026-09-19 20:59:06,2026-09-19T20:59:06.422476,436.8,tomato,FRESH,29.83,75.88,950.38,31417,18303,101,1,0
417,2026-09-19 20:59:07,2026-09-19T20:59:07.477697,437.9,tomato,FRESH,29.83,75.9,950.38,31415,18302,101,1,0
418,2026-09-19 20:59:08,2026-09-19T20:59:08.532713,438.9,tomato,FRESH,29.83,75.9,950.36,31406,18305,101,1,0
419,2026-09-19 20:59:09,2026-09-19T20:59:09.587695,440.0,tomato,FRESH,29.83,75.92,950.36,31411,18301,101,1,0
420,2026-09-19 20:59:10,2026-09-19T20:59:10.642690,441.1,tomato,FRESH,29.83,75.92,950.36,31409,18301,101,1,0
421,2026-09-19 20:59:11,2026-09-19T20:59:11.698678,442.1,tomato,FRESH,29.83,75.94,950.39,31406,18299,101,1,0
422,2026-09-19 20:59:12,2026-09-19T20:59:12.752749,443.2,tomato,FRESH,29.83,75.96,950.41,31399,18301,102,1,0
423,2026-09-19 20:59:13,2026-09-19T20:59:13.807654,444.2,tomato,FRESH,29.83,75.97,950.36,31414,18298,101,1,0
424,2026-09-19 20:59:14,2026-09-19T20:59:14.862534,445.3,tomato,FRESH,29.83,75.96,950.34,31406,18302,102,1,0
425,2026-09-19 20:59:15,2026-09-19T20:59:15.917711,446.3,tomato,FRESH,29.82,75.96,950.36,31401,18303,102,1,0
426,2026-09-19 20:59:16,2026-09-19T20:59:16.972362,447.4,tomato,FRESH,29.83,75.96,950.4,31407,18293,102,1,0
427,2026-09-19 20:59:18,2026-09-19T20:59:18.027993,448.4,tomato,FRESH,29.82,75.95,950.37,31391,18296,102,1,0
428,2026-09-19 20:59:19,2026-09-19T20:59:19.082958,449.5,tomato,FRESH,29.83,75.95,950.38,31404,18298,102,1,0
429,2026-09-19 20:59:20,2026-09-19T20:59:20.137764,450.6,tomato,FRESH,29.82,75.92,950.37,31406,18294,102,1,0
430,2026-09-19 20:59:21,2026-09-19T20:59:21.192319,451.6,tomato,FRESH,29.82,75.94,950.37,31400,18292,102,1,0
431,2026-09-19 20:59:22,2026-09-19T20:59:22.248654,452.7,tomato,FRESH,29.83,75.97,950.38,31403,18292,103,1,0
432,2026-09-19 20:59:23,2026-09-19T20:59:23.302481,453.7,tomato,FRESH,29.82,75.98,950.37,31405,18296,103,1,0
433,2026-09-19 20:59:24,2026-09-19T20:59:24.357655,454.8,tomato,FRESH,29.83,76.0,950.38,31403,18292,103,1,0
434,2026-09-19 20:59:25,2026-09-19T20:59:25.412735,455.8,tomato,FRESH,29.83,76.02,950.39,31405,18295,103,1,0
435,2026-09-19 20:59:26,2026-09-19T20:59:26.467789,456.9,tomato,FRESH,29.82,76.04,950.38,31404,18290,103,1,0
436,2026-09-19 20:59:27,2026-09-19T20:59:27.524340,457.9,tomato,FRESH,29.82,76.08,950.39,31394,18290,103,1,0
437,2026-09-19 20:59:28,2026-09-19T20:59:28.577749,459.0,tomato,FRESH,29.82,76.1,950.43,31399,18290,103,1,0
438,2026-09-19 20:59:29,2026-09-19T20:59:29.633051,460.0,tomato,FRESH,29.82,76.14,950.4,31387,18285,103,1,0
439,2026-09-19 20:59:30,2026-09-19T20:59:30.687702,461.1,tomato,FRESH,29.83,76.15,950.41,31395,18286,103,1,0
440,2026-09-19 20:59:31,2026-09-19T20:59:31.742679,462.2,tomato,FRESH,29.82,76.17,950.4,31391,18285,104,1,0
441,2026-09-19 20:59:32,2026-09-19T20:59:32.797456,463.2,tomato,FRESH,29.83,76.22,950.39,31394,18292,104,1,0
442,2026-09-19 20:59:33,2026-09-19T20:59:33.852825,464.3,tomato,FRESH,29.82,76.23,950.38,31380,18293,104,1,0
443,2026-09-19 20:59:34,2026-09-19T20:59:34.907704,465.3,tomato,FRESH,29.83,76.22,950.4,31392,18291,104,1,0
444,2026-09-19 20:59:35,2026-09-19T20:59:35.962658,466.4,tomato,FRESH,29.83,76.22,950.4,31395,18294,104,1,0
445,2026-09-19 20:59:37,2026-09-19T20:59:37.017726,467.4,tomato,FRESH,29.82,76.22,950.41,31391,18292,104,1,0
446,2026-09-19 20:59:38,2026-09-19T20:59:38.072669,468.5,tomato,FRESH,29.82,76.22,950.36,31386,18288,104,1,0
447,2026-09-19 20:59:39,2026-09-19T20:59:39.127945,469.5,tomato,FRESH,29.82,76.22,950.37,31386,18278,104,1,0
448,2026-09-19 20:59:40,2026-09-19T20:59:40.182984,470.6,tomato,FRESH,29.82,76.22,950.39,31390,18287,104,1,0
449,2026-09-19 20:59:41,2026-09-19T20:59:41.237778,471.7,tomato,FRESH,29.82,76.21,950.4,31379,18285,105,1,0
450,2026-09-19 20:59:42,2026-09-19T20:59:42.292963,472.7,tomato,FRESH,29.82,76.21,950.4,31383,18285,105,1,0
451,2026-09-19 20:59:43,2026-09-19T20:59:43.348652,473.8,tomato,FRESH,29.82,76.19,950.39,31395,18280,105,1,0
452,2026-09-19 20:59:44,2026-09-19T20:59:44.402609,474.8,tomato,FRESH,29.83,76.16,950.38,31392,18284,105,1,0
453,2026-09-19 20:59:45,2026-09-19T20:59:45.457885,475.9,tomato,FRESH,29.82,76.14,950.36,31395,18283,105,1,0
454,2026-09-19 20:59:46,2026-09-19T20:59:46.513349,476.9,tomato,FRESH,29.82,76.11,950.39,31395,18283,104,1,0
455,2026-09-19 20:59:47,2026-09-19T20:59:47.567577,478.0,tomato,FRESH,29.83,76.1,950.4,31395,18277,104,1,0
456,2026-09-19 20:59:48,2026-09-19T20:59:48.622777,479.0,tomato,FRESH,29.82,76.1,950.38,31401,18280,104,1,0
457,2026-09-19 20:59:49,2026-09-19T20:59:49.677935,480.1,tomato,FRESH,29.82,76.13,950.39,31402,18279,104,1,0
458,2026-09-19 20:59:50,2026-09-19T20:59:50.732847,481.1,tomato,FRESH,29.82,76.17,950.38,31398,18283,104,1,0
459,2026-09-19 20:59:51,2026-09-19T20:59:51.787555,482.2,tomato,FRESH,29.82,76.2,950.4,31402,18281,103,1,0
460,2026-09-19 20:59:52,2026-09-19T20:59:52.842907,483.3,tomato,FRESH,29.82,76.22,950.41,31395,18279,103,1,0
461,2026-09-19 20:59:53,2026-09-19T20:59:53.899025,484.3,tomato,FRESH,29.82,76.24,950.41,31402,18271,103,1,0
462,2026-09-19 20:59:54,2026-09-19T20:59:54.952570,485.4,tomato,FRESH,29.82,76.26,950.39,31395,18279,103,1,0
463,2026-09-19 20:59:56,2026-09-19T20:59:56.007723,486.4,tomato,FRESH,29.82,76.29,950.4,31389,18283,103,1,0
464,2026-09-19 20:59:57,2026-09-19T20:59:57.062617,487.5,tomato,FRESH,29.82,76.29,950.37,31394,18278,103,1,0
465,2026-09-19 20:59:58,2026-09-19T20:59:58.117847,488.5,tomato,FRESH,29.82,76.3,950.38,31391,18275,103,1,0
466,2026-09-19 20:59:59,2026-09-19T20:59:59.172676,489.6,tomato,FRESH,29.82,76.31,950.37,31396,18274,103,1,0
467,2026-09-19 21:00:00,2026-09-19T21:00:00.227927,490.6,tomato,FRESH,29.82,76.33,950.37,31387,18281,103,1,0
468,2026-09-19 21:00:01,2026-09-19T21:00:01.282420,491.7,tomato,FRESH,29.82,76.3,950.4,31387,18272,103,1,0
469,2026-09-19 21:00:02,2026-09-19T21:00:02.337729,492.8,tomato,FRESH,29.82,76.33,950.37,31375,18274,103,1,0
470,2026-09-19 21:00:03,2026-09-19T21:00:03.392918,493.8,tomato,FRESH,29.82,76.33,950.39,31388,18272,103,1,0
471,2026-09-19 21:00:04,2026-09-19T21:00:04.447781,494.9,tomato,FRESH,29.82,76.34,950.39,31389,18281,103,1,0
472,2026-09-19 21:00:05,2026-09-19T21:00:05.502692,495.9,tomato,FRESH,29.82,76.35,950.38,31391,18272,103,1,0
473,2026-09-19 21:00:06,2026-09-19T21:00:06.558064,497.0,tomato,FRESH,29.82,76.37,950.39,31378,18277,103,1,0
474,2026-09-19 21:00:07,2026-09-19T21:00:07.613056,498.0,tomato,FRESH,29.82,76.41,950.4,31388,18266,103,1,0
475,2026-09-19 21:00:08,2026-09-19T21:00:08.667741,499.1,tomato,FRESH,29.82,76.41,950.41,31374,18271,104,1,0
476,2026-09-19 21:00:09,2026-09-19T21:00:09.723097,500.1,tomato,FRESH,29.82,76.43,950.4,31386,18268,104,1,0
477,2026-09-19 21:00:10,2026-09-19T21:00:10.778008,501.2,tomato,FRESH,29.82,76.46,950.39,31372,18272,104,1,0
478,2026-09-19 21:00:11,2026-09-19T21:00:11.833091,502.2,tomato,FRESH,29.82,76.45,950.39,31379,18269,104,1,0
479,2026-09-19 21:00:12,2026-09-19T21:00:12.887861,503.3,tomato,FRESH,29.82,76.48,950.4,31368,18268,104,1,0
480,2026-09-19 21:00:13,2026-09-19T21:00:13.942678,504.4,tomato,FRESH,29.82,76.5,950.39,31375,18269,104,1,0
481,2026-09-19 21:00:14,2026-09-19T21:00:14.998208,505.4,tomato,FRESH,29.82,76.49,950.4,31372,18271,105,1,0
482,2026-09-19 21:00:16,2026-09-19T21:00:16.052708,506.5,tomato,FRESH,29.82,76.5,950.4,31365,18270,105,1,0
483,2026-09-19 21:00:17,2026-09-19T21:00:17.107798,507.5,tomato,FRESH,29.82,76.47,950.39,31379,18261,105,1,0
484,2026-09-19 21:00:18,2026-09-19T21:00:18.162491,508.6,tomato,FRESH,29.82,76.45,950.38,31379,18262,105,1,0
485,2026-09-19 21:00:19,2026-09-19T21:00:19.217697,509.6,tomato,FRESH,29.82,76.43,950.39,31374,18265,105,1,0
486,2026-09-19 21:00:20,2026-09-19T21:00:20.272501,510.7,tomato,FRESH,29.82,76.41,950.4,31371,18263,105,1,0
487,2026-09-19 21:00:21,2026-09-19T21:00:21.327712,511.7,tomato,FRESH,29.82,76.4,950.4,31378,18263,105,1,0
488,2026-09-19 21:00:22,2026-09-19T21:00:22.383006,512.8,tomato,FRESH,29.82,76.39,950.39,31382,18256,105,1,0
489,2026-09-19 21:00:23,2026-09-19T21:00:23.437757,513.9,tomato,FRESH,29.82,76.37,950.42,31378,18260,105,1,0
490,2026-09-19 21:00:24,2026-09-19T21:00:24.492589,514.9,tomato,FRESH,29.81,76.35,950.39,31364,18254,105,1,0
491,2026-09-19 21:00:25,2026-09-19T21:00:25.547401,516.0,tomato,FRESH,29.81,76.34,950.38,31378,18258,105,1,0
492,2026-09-19 21:00:26,2026-09-19T21:00:26.602661,517.0,tomato,FRESH,29.82,76.34,950.38,31384,18252,104,1,0
493,2026-09-19 21:00:27,2026-09-19T21:00:27.657655,518.1,tomato,FRESH,29.82,76.31,950.4,31371,18257,105,1,0
494,2026-09-19 21:00:28,2026-09-19T21:00:28.712668,519.1,tomato,FRESH,29.81,76.33,950.38,31381,18257,104,1,0
495,2026-09-19 21:00:29,2026-09-19T21:00:29.767659,520.2,tomato,FRESH,29.81,76.33,950.37,31385,18253,104,1,0
496,2026-09-19 21:00:30,2026-09-19T21:00:30.822728,521.2,tomato,FRESH,29.81,76.33,950.41,31376,18254,104,1,0
497,2026-09-19 21:00:31,2026-09-19T21:00:31.877510,522.3,tomato,FRESH,29.82,76.33,950.39,31379,18256,104,1,0
498,2026-09-19 21:00:32,2026-09-19T21:00:32.932663,523.3,tomato,FRESH,29.81,76.31,950.38,31378,18255,104,1,0
499,2026-09-19 21:00:33,2026-09-19T21:00:33.987397,524.4,tomato,FRESH,29.82,76.34,950.38,31386,18252,104,1,0
500,2026-09-19 21:00:35,2026-09-19T21:00:35.042807,525.5,tomato,FRESH,29.82,76.36,950.4,31395,18252,103,1,0
501,2026-09-19 21:00:36,2026-09-19T21:00:36.097291,526.5,tomato,FRESH,29.81,76.36,950.39,31374,18255,103,1,0
502,2026-09-19 21:00:37,2026-09-19T21:00:37.152287,527.6,tomato,FRESH,29.81,76.4,950.4,31373,18249,103,1,0
503,2026-09-19 21:00:38,2026-09-19T21:00:38.207390,528.6,tomato,FRESH,29.82,76.4,950.4,31388,18249,103,1,0
504,2026-09-19 21:00:39,2026-09-19T21:00:39.262923,529.7,tomato,FRESH,29.82,76.41,950.41,31381,18246,103,1,0
505,2026-09-19 21:00:40,2026-09-19T21:00:40.317508,530.7,tomato,FRESH,29.82,76.43,950.4,31375,18247,103,1,0
506,2026-09-19 21:00:41,2026-09-19T21:00:41.372768,531.8,tomato,FRESH,29.82,76.47,950.4,31382,18255,103,1,0
507,2026-09-19 21:00:42,2026-09-19T21:00:42.427865,532.8,tomato,FRESH,29.82,76.47,950.39,31379,18255,103,1,0
508,2026-09-19 21:00:43,2026-09-19T21:00:43.482674,533.9,tomato,FRESH,29.82,76.48,950.41,31376,18253,103,1,0
509,2026-09-19 21:00:44,2026-09-19T21:00:44.537751,535.0,tomato,FRESH,29.82,76.5,950.38,31373,18250,103,1,0
510,2026-09-19 21:00:45,2026-09-19T21:00:45.592423,536.0,tomato,FRESH,29.82,76.52,950.41,31379,18249,103,1,0
511,2026-09-19 21:00:46,2026-09-19T21:00:46.648931,537.1,tomato,FRESH,29.82,76.52,950.39,31375,18248,103,1,0
512,2026-09-19 21:00:47,2026-09-19T21:00:47.702637,538.1,tomato,FRESH,29.82,76.52,950.44,31366,18251,103,1,0
513,2026-09-19 21:00:48,2026-09-19T21:00:48.757708,539.2,tomato,FRESH,29.82,76.53,950.43,31363,18248,103,1,0
514,2026-09-19 21:00:49,2026-09-19T21:00:49.812740,540.2,tomato,FRESH,29.82,76.55,950.4,31354,18247,103,1,0
515,2026-09-19 21:00:50,2026-09-19T21:00:50.867443,541.3,tomato,FRESH,29.82,76.55,950.4,31372,18243,103,1,0
516,2026-09-19 21:00:51,2026-09-19T21:00:51.922988,542.3,tomato,FRESH,29.82,76.55,950.4,31361,18249,104,1,0
517,2026-09-19 21:00:52,2026-09-19T21:00:52.977766,543.4,tomato,FRESH,29.81,76.58,950.4,31365,18244,104,1,0
518,2026-09-19 21:00:54,2026-09-19T21:00:54.032503,544.4,tomato,FRESH,29.82,76.59,950.41,31362,18245,104,1,0
519,2026-09-19 21:00:55,2026-09-19T21:00:55.088031,545.5,tomato,FRESH,29.82,76.61,950.43,31364,18246,104,1,0
520,2026-09-19 21:00:56,2026-09-19T21:00:56.142869,546.6,tomato,FRESH,29.82,76.6,950.4,31357,18244,104,1,0
521,2026-09-19 21:00:57,2026-09-19T21:00:57.197822,547.6,tomato,FRESH,29.82,76.61,950.41,31361,18242,104,1,0
522,2026-09-19 21:00:58,2026-09-19T21:00:58.252686,548.7,tomato,FRESH,29.82,76.62,950.43,31359,18243,104,1,0
523,2026-09-19 21:00:59,2026-09-19T21:00:59.307842,549.7,tomato,FRESH,29.82,76.62,950.42,31360,18244,104,1,0
524,2026-09-19 21:01:00,2026-09-19T21:01:00.362460,550.8,tomato,FRESH,29.82,76.63,950.41,31368,18239,104,1,0
525,2026-09-19 21:01:01,2026-09-19T21:01:01.417443,551.8,tomato,FRESH,29.82,76.65,950.45,31360,18240,104,1,0
526,2026-09-19 21:01:02,2026-09-19T21:01:02.472706,552.9,tomato,FRESH,29.82,76.64,950.41,31361,18239,104,1,0
527,2026-09-19 21:01:03,2026-09-19T21:01:03.527588,553.9,tomato,FRESH,29.82,76.66,950.42,31362,18241,104,1,0
528,2026-09-19 21:01:04,2026-09-19T21:01:04.582956,555.0,tomato,FRESH,29.82,76.67,950.43,31360,18237,104,1,0
529,2026-09-19 21:01:05,2026-09-19T21:01:05.637743,556.1,tomato,FRESH,29.82,76.7,950.42,31368,18234,104,1,0
530,2026-09-19 21:01:06,2026-09-19T21:01:06.692609,557.1,tomato,FRESH,29.82,76.71,950.43,31366,18242,104,1,0
531,2026-09-19 21:01:07,2026-09-19T21:01:07.747725,558.2,tomato,FRESH,29.82,76.73,950.46,31366,18238,104,1,0
532,2026-09-19 21:01:08,2026-09-19T21:01:08.802607,559.2,tomato,FRESH,29.82,76.77,950.45,31354,18244,104,1,0
533,2026-09-19 21:01:09,2026-09-19T21:01:09.857673,560.3,tomato,FRESH,29.82,76.8,950.44,31369,18240,104,1,0
534,2026-09-19 21:01:10,2026-09-19T21:01:10.912643,561.3,tomato,FRESH,29.82,76.82,950.43,31362,18240,104,1,0
535,2026-09-19 21:01:11,2026-09-19T21:01:11.967561,562.4,tomato,FRESH,29.82,76.79,950.46,31361,18238,104,1,0
536,2026-09-19 21:01:13,2026-09-19T21:01:13.023556,563.4,tomato,FRESH,29.82,76.79,950.43,31368,18238,104,1,0
537,2026-09-19 21:01:14,2026-09-19T21:01:14.077603,564.5,tomato,FRESH,29.82,76.78,950.44,31357,18240,104,1,0
538,2026-09-19 21:01:15,2026-09-19T21:01:15.132586,565.5,tomato,FRESH,29.81,76.77,950.41,31357,18237,104,1,0
539,2026-09-19 21:01:16,2026-09-19T21:01:16.187759,566.6,tomato,FRESH,29.82,76.74,950.44,31358,18236,104,1,0
540,2026-09-19 21:01:17,2026-09-19T21:01:17.242653,567.7,tomato,FRESH,29.82,76.73,950.43,31357,18243,104,1,0
541,2026-09-19 21:01:18,2026-09-19T21:01:18.298224,568.7,tomato,FRESH,29.82,76.74,950.44,31362,18231,104,1,0
542,2026-09-19 21:01:19,2026-09-19T21:01:19.352614,569.8,tomato,FRESH,29.82,76.74,950.44,31355,18235,104,1,0
543,2026-09-19 21:01:20,2026-09-19T21:01:20.407284,570.8,tomato,FRESH,29.82,76.71,950.43,31367,18234,104,1,0
544,2026-09-19 21:01:21,2026-09-19T21:01:21.462286,571.9,tomato,FRESH,29.82,76.7,950.42,31357,18228,104,1,0
545,2026-09-19 21:01:22,2026-09-19T21:01:22.517604,572.9,tomato,FRESH,29.81,76.71,950.42,31362,18235,104,1,0
546,2026-09-19 21:01:23,2026-09-19T21:01:23.572715,574.0,tomato,FRESH,29.81,76.72,950.44,31370,18228,103,1,0
547,2026-09-19 21:01:24,2026-09-19T21:01:24.627522,575.0,tomato,FRESH,29.82,76.72,950.43,31363,18234,103,1,0
548,2026-09-19 21:01:25,2026-09-19T21:01:25.682520,576.1,tomato,FRESH,29.82,76.71,950.44,31371,18232,103,1,0
549,2026-09-19 21:01:26,2026-09-19T21:01:26.737877,577.2,tomato,FRESH,29.82,76.71,950.44,31371,18229,103,1,0
550,2026-09-19 21:01:27,2026-09-19T21:01:27.792611,578.2,tomato,FRESH,29.82,76.72,950.44,31370,18236,103,1,0
551,2026-09-19 21:01:28,2026-09-19T21:01:28.847647,579.3,tomato,FRESH,29.82,76.75,950.48,31374,18234,102,1,0
552,2026-09-19 21:01:29,2026-09-19T21:01:29.902538,580.3,tomato,FRESH,29.83,76.75,950.46,31369,18228,102,1,0
553,2026-09-19 21:01:30,2026-09-19T21:01:30.957500,581.4,tomato,FRESH,29.82,76.76,950.45,31367,18227,102,1,0
554,2026-09-19 21:01:32,2026-09-19T21:01:32.012619,582.4,tomato,FRESH,29.82,76.77,950.45,31372,18230,102,1,0
555,2026-09-19 21:01:33,2026-09-19T21:01:33.067537,583.5,tomato,FRESH,29.82,76.78,950.42,31363,18225,102,1,0
556,2026-09-19 21:01:34,2026-09-19T21:01:34.122633,584.5,tomato,FRESH,29.83,76.78,950.44,31368,18239,102,1,0
557,2026-09-19 21:01:35,2026-09-19T21:01:35.177634,585.6,tomato,FRESH,29.83,76.78,950.44,31370,18225,102,1,0
558,2026-09-19 21:01:36,2026-09-19T21:01:36.232639,586.6,tomato,FRESH,29.83,76.83,950.47,31363,18233,102,1,0
559,2026-09-19 21:01:37,2026-09-19T21:01:37.287992,587.7,tomato,FRESH,29.81,76.48,950.47,31352,18219,102,1,0
560,2026-09-19 21:01:38,2026-09-19T21:01:38.342665,588.8,tomato,FRESH,29.8,76.24,950.46,31364,18209,102,1,0
561,2026-09-19 21:01:39,2026-09-19T21:01:39.398906,589.8,tomato,FRESH,29.79,76.16,950.44,31367,18212,102,1,0
562,2026-09-19 21:01:40,2026-09-19T21:01:40.452605,590.9,tomato,FRESH,29.79,76.19,950.47,31364,18205,102,1,0
563,2026-09-19 21:01:41,2026-09-19T21:01:41.507488,591.9,tomato,FRESH,29.79,76.2,950.43,31366,18209,102,1,0
564,2026-09-19 21:01:42,2026-09-19T21:01:42.562591,593.0,tomato,FRESH,29.79,76.12,950.44,31357,18210,102,1,0
565,2026-09-19 21:01:43,2026-09-19T21:01:43.617254,594.0,tomato,FRESH,29.79,75.83,950.47,31358,18204,102,1,0
566,2026-09-19 21:01:44,2026-09-19T21:01:44.673264,595.1,tomato,FRESH,29.78,75.3,950.46,31354,18183,102,1,0
567,2026-09-19 21:01:45,2026-09-19T21:01:45.727623,596.1,tomato,FRESH,29.76,74.04,950.45,31368,18148,102,1,0
568,2026-09-19 21:01:46,2026-09-19T21:01:46.782586,597.2,tomato,FRESH,29.75,73.84,950.45,31395,18139,101,1,0
569,2026-09-19 21:01:47,2026-09-19T21:01:47.837642,598.3,tomato,FRESH,29.73,72.54,950.46,31409,18112,100,1,0
570,2026-09-19 21:01:48,2026-09-19T21:01:48.892879,599.3,tomato,FRESH,29.71,72.07,950.46,31425,18102,99,1,0
571,2026-09-19 21:01:49,2026-09-19T21:01:49.947589,600.4,tomato,FRESH,29.71,71.66,950.45,31442,18085,98,1,0
572,2026-09-19 21:01:51,2026-09-19T21:01:51.002543,601.4,tomato,FRESH,29.7,71.68,950.44,31452,18089,97,1,0
573,2026-09-19 21:01:52,2026-09-19T21:01:52.057742,602.5,tomato,FRESH,29.69,71.91,950.4,31476,18099,95,1,0
574,2026-09-19 21:01:53,2026-09-19T21:01:53.112723,603.5,tomato,FRESH,29.68,71.13,950.43,31497,18072,94,1,0
575,2026-09-19 21:01:54,2026-09-19T21:01:54.167561,604.6,tomato,FRESH,29.67,70.47,950.44,31497,18059,92,1,0
576,2026-09-19 21:01:55,2026-09-19T21:01:55.222652,605.6,tomato,FRESH,29.66,70.17,950.44,31523,18053,91,1,0
577,2026-09-19 21:01:56,2026-09-19T21:01:56.277836,606.7,tomato,FRESH,29.66,70.01,950.45,31522,18058,90,1,0
578,2026-09-19 21:01:57,2026-09-19T21:01:57.332634,607.7,tomato,FRESH,29.65,69.76,950.44,31536,18054,89,1,0
579,2026-09-19 21:01:58,2026-09-19T21:01:58.387536,608.8,tomato,FRESH,29.65,69.61,950.44,31538,18048,88,1,0
1,2026-09-19 21:06:07,2026-09-19T21:06:07.630401,0.4,tomato,ROTTEN,29.56,82.28,950.57,335,0,0,0,1
2,2026-09-19 21:06:08,2026-09-19T21:06:08.685033,1.4,tomato,ROTTEN,29.58,82.39,950.55,26162,0,0,0,1
3,2026-09-19 21:06:09,2026-09-19T21:06:09.739806,2.5,tomato,ROTTEN,29.6,82.5,950.57,26558,0,0,0,1
4,2026-09-19 21:06:10,2026-09-19T21:06:10.795400,3.5,tomato,ROTTEN,29.62,82.62,950.55,26751,0,0,0,1
5,2026-09-19 21:06:11,2026-09-19T21:06:11.850236,4.6,tomato,ROTTEN,29.64,82.73,950.59,26844,0,0,0,1
6,2026-09-19 21:06:12,2026-09-19T21:06:12.904848,5.6,tomato,ROTTEN,29.65,82.82,950.57,26902,0,0,0,1
7,2026-09-19 21:06:13,2026-09-19T21:06:13.960134,6.7,tomato,ROTTEN,29.67,82.92,950.56,26922,0,0,0,1
8,2026-09-19 21:06:15,2026-09-19T21:06:15.015346,7.7,tomato,ROTTEN,29.68,83.01,950.58,26933,0,0,0,1
9,2026-09-19 21:06:16,2026-09-19T21:06:16.070153,8.8,tomato,ROTTEN,29.7,83.11,950.55,26956,0,0,0,1
10,2026-09-19 21:06:17,2026-09-19T21:06:17.124883,9.9,tomato,ROTTEN,29.71,83.23,950.58,26946,0,0,0,1
11,2026-09-19 21:06:18,2026-09-19T21:06:18.180491,10.9,tomato,ROTTEN,29.73,83.32,950.59,26952,18075,0,0,1
12,2026-09-19 21:06:19,2026-09-19T21:06:19.235424,12.0,tomato,ROTTEN,29.73,83.43,950.58,26749,17973,0,0,1
13,2026-09-19 21:06:20,2026-09-19T21:06:20.290472,13.0,tomato,ROTTEN,29.75,83.53,950.58,26627,17912,0,0,1
14,2026-09-19 21:06:21,2026-09-19T21:06:21.345348,14.1,tomato,ROTTEN,29.75,83.63,950.56,26559,17873,0,0,1
15,2026-09-19 21:06:22,2026-09-19T21:06:22.400067,15.1,tomato,ROTTEN,29.77,83.74,950.57,26506,17846,0,0,1
16,2026-09-19 21:06:23,2026-09-19T21:06:23.455691,16.2,tomato,ROTTEN,29.78,83.86,950.58,26471,17815,0,0,1
17,2026-09-19 21:06:24,2026-09-19T21:06:24.510675,17.2,tomato,ROTTEN,29.79,83.96,950.59,26454,17796,0,0,1
18,2026-09-19 21:06:25,2026-09-19T21:06:25.565824,18.3,tomato,ROTTEN,29.81,84.06,950.59,26431,17778,0,0,1
19,2026-09-19 21:06:26,2026-09-19T21:06:26.620569,19.3,tomato,ROTTEN,29.81,84.18,950.56,26407,17760,0,0,1
20,2026-09-19 21:06:27,2026-09-19T21:06:27.675873,20.4,tomato,ROTTEN,29.82,84.27,950.55,26387,17741,0,0,1
21,2026-09-19 21:06:28,2026-09-19T21:06:28.730866,21.5,tomato,ROTTEN,29.83,84.4,950.59,26369,17734,0,0,1
22,2026-09-19 21:06:29,2026-09-19T21:06:29.785439,22.5,tomato,ROTTEN,29.84,84.49,950.57,26362,17720,0,0,1
23,2026-09-19 21:06:30,2026-09-19T21:06:30.840754,23.6,tomato,ROTTEN,29.85,84.59,950.57,26348,17706,0,0,1
24,2026-09-19 21:06:31,2026-09-19T21:06:31.895870,24.6,tomato,ROTTEN,29.85,84.69,950.58,26328,17692,0,0,1
25,2026-09-19 21:06:32,2026-09-19T21:06:32.950717,25.7,tomato,ROTTEN,29.86,84.78,950.56,26316,17682,0,0,1
26,2026-09-19 21:06:34,2026-09-19T21:06:34.005852,26.7,tomato,ROTTEN,29.86,84.86,950.57,26305,17661,0,0,1
27,2026-09-19 21:06:35,2026-09-19T21:06:35.060771,27.8,tomato,ROTTEN,29.87,84.97,950.55,26292,17653,0,0,1
28,2026-09-19 21:06:36,2026-09-19T21:06:36.115621,28.8,tomato,ROTTEN,29.88,85.06,950.56,26277,17643,0,0,1
29,2026-09-19 21:06:37,2026-09-19T21:06:37.171222,29.9,tomato,ROTTEN,29.89,85.13,950.56,26258,17641,0,0,1
30,2026-09-19 21:06:38,2026-09-19T21:06:38.225750,31.0,tomato,ROTTEN,29.89,85.21,950.57,26249,17625,0,0,1
31,2026-09-19 21:06:39,2026-09-19T21:06:39.280528,32.0,tomato,ROTTEN,29.9,85.32,950.58,26233,17611,0,0,1
32,2026-09-19 21:06:40,2026-09-19T21:06:40.335610,33.1,tomato,ROTTEN,29.9,85.39,950.58,26226,17610,0,0,1
33,2026-09-19 21:06:41,2026-09-19T21:06:41.390904,34.1,tomato,ROTTEN,29.91,85.49,950.57,26206,17599,0,0,1
34,2026-09-19 21:06:42,2026-09-19T21:06:42.445616,35.2,tomato,ROTTEN,29.91,85.56,950.56,26189,17585,0,0,1
35,2026-09-19 21:06:43,2026-09-19T21:06:43.500437,36.2,tomato,ROTTEN,29.91,85.66,950.56,26178,17575,0,0,1
36,2026-09-19 21:06:44,2026-09-19T21:06:44.555417,37.3,tomato,ROTTEN,29.92,85.73,950.56,26177,17570,0,0,1
37,2026-09-19 21:06:45,2026-09-19T21:06:45.610481,38.3,tomato,ROTTEN,29.92,85.81,950.59,26160,17558,0,0,1
38,2026-09-19 21:06:46,2026-09-19T21:06:46.665387,39.4,tomato,ROTTEN,29.93,85.9,950.6,26148,17553,0,0,1
39,2026-09-19 21:06:47,2026-09-19T21:06:47.721247,40.4,tomato,ROTTEN,29.94,85.98,950.6,26143,17542,0,0,1
40,2026-09-19 21:06:48,2026-09-19T21:06:48.775437,41.5,tomato,ROTTEN,29.94,86.05,950.58,26131,17536,0,0,1
41,2026-09-19 21:06:49,2026-09-19T21:06:49.830442,42.6,tomato,ROTTEN,29.94,86.15,950.57,26107,17516,0,0,1
42,2026-09-19 21:06:50,2026-09-19T21:06:50.885486,43.6,tomato,ROTTEN,29.94,86.21,950.57,26101,17516,0,0,1
43,2026-09-19 21:06:51,2026-09-19T21:06:51.940498,44.7,tomato,ROTTEN,29.95,86.29,950.58,26086,17504,0,0,1
44,2026-09-19 21:06:52,2026-09-19T21:06:52.995732,45.7,tomato,ROTTEN,29.95,86.35,950.57,26073,17495,0,0,1
45,2026-09-19 21:06:54,2026-09-19T21:06:54.051007,46.8,tomato,ROTTEN,29.96,86.44,950.58,26068,17490,0,0,1
46,2026-09-19 21:06:55,2026-09-19T21:06:55.106116,47.8,tomato,ROTTEN,29.96,86.53,950.6,26052,17486,0,0,1
47,2026-09-19 21:06:56,2026-09-19T21:06:56.161018,48.9,tomato,ROTTEN,29.96,86.6,950.57,26052,17474,1,0,1
48,2026-09-19 21:06:57,2026-09-19T21:06:57.215932,49.9,tomato,ROTTEN,29.96,86.67,950.59,26030,17467,1,0,1
49,2026-09-19 21:06:58,2026-09-19T21:06:58.270924,51.0,tomato,ROTTEN,29.97,86.76,950.55,26033,17461,2,0,1
50,2026-09-19 21:06:59,2026-09-19T21:06:59.325852,52.1,tomato,ROTTEN,29.97,86.86,950.58,26011,17451,4,0,1
51,2026-09-19 21:07:00,2026-09-19T21:07:00.381144,53.1,tomato,ROTTEN,29.98,86.92,950.61,26000,17443,8,0,1
52,2026-09-19 21:07:01,2026-09-19T21:07:01.436279,54.2,tomato,ROTTEN,29.98,87.0,950.57,25997,17433,13,0,1
53,2026-09-19 21:07:02,2026-09-19T21:07:02.491240,55.2,tomato,ROTTEN,29.98,87.06,950.59,25988,17428,18,0,1
54,2026-09-19 21:07:03,2026-09-19T21:07:03.546171,56.3,tomato,ROTTEN,29.98,87.17,950.57,25970,17422,23,0,1
55,2026-09-19 21:07:04,2026-09-19T21:07:04.600729,57.3,tomato,ROTTEN,29.99,87.25,950.55,25971,17406,28,0,1
56,2026-09-19 21:07:05,2026-09-19T21:07:05.656072,58.4,tomato,ROTTEN,29.98,87.33,950.56,25962,17410,34,0,1
57,2026-09-19 21:07:06,2026-09-19T21:07:06.710766,59.4,tomato,ROTTEN,29.99,87.42,950.55,25940,17396,39,1,1
58,2026-09-19 21:07:07,2026-09-19T21:07:07.765859,60.5,tomato,ROTTEN,29.99,87.47,950.6,25943,17394,44,1,1
59,2026-09-19 21:07:08,2026-09-19T21:07:08.820798,61.5,tomato,ROTTEN,29.99,87.56,950.57,25926,17392,49,1,1
60,2026-09-19 21:07:09,2026-09-19T21:07:09.876163,62.6,tomato,ROTTEN,30.0,87.63,950.56,25916,17383,54,1,1
61,2026-09-19 21:07:10,2026-09-19T21:07:10.931277,63.7,tomato,ROTTEN,30.0,87.71,950.59,25923,17374,58,1,1
62,2026-09-19 21:07:11,2026-09-19T21:07:11.985856,64.7,tomato,ROTTEN,30.0,87.76,950.59,25900,17356,63,1,1
63,2026-09-19 21:07:13,2026-09-19T21:07:13.041232,65.8,tomato,ROTTEN,30.0,87.84,950.6,25901,17360,67,1,1
64,2026-09-19 21:07:14,2026-09-19T21:07:14.095856,66.8,tomato,ROTTEN,30.0,87.9,950.56,25887,17355,72,1,1
65,2026-09-19 21:07:15,2026-09-19T21:07:15.150859,67.9,tomato,ROTTEN,30.0,87.98,950.57,25875,17348,76,1,1
66,2026-09-19 21:07:16,2026-09-19T21:07:16.206034,68.9,tomato,ROTTEN,30.01,88.05,950.57,25861,17344,80,1,1
67,2026-09-19 21:07:17,2026-09-19T21:07:17.261284,70.0,tomato,ROTTEN,30.0,88.12,950.55,25854,17335,85,1,1
68,2026-09-19 21:07:18,2026-09-19T21:07:18.315831,71.0,tomato,ROTTEN,30.01,88.17,950.57,25837,17333,89,1,1
69,2026-09-19 21:07:19,2026-09-19T21:07:19.370813,72.1,tomato,ROTTEN,30.01,88.23,950.61,25837,17322,93,1,1
70,2026-09-19 21:07:20,2026-09-19T21:07:20.425759,73.2,tomato,ROTTEN,30.01,88.3,950.59,25832,17314,96,1,1
71,2026-09-19 21:07:21,2026-09-19T21:07:21.481122,74.2,tomato,ROTTEN,30.01,88.36,950.58,25821,17316,100,1,1
72,2026-09-19 21:07:22,2026-09-19T21:07:22.535889,75.3,tomato,ROTTEN,30.01,88.42,950.6,25817,17309,104,1,1
73,2026-09-19 21:07:23,2026-09-19T21:07:23.590931,76.3,tomato,ROTTEN,30.01,88.48,950.59,25803,17304,107,1,1
74,2026-09-19 21:07:24,2026-09-19T21:07:24.645874,77.4,tomato,ROTTEN,30.01,88.53,950.59,25798,17288,110,1,1
75,2026-09-19 21:07:25,2026-09-19T21:07:25.701484,78.4,tomato,ROTTEN,30.01,88.59,950.61,25795,17294,113,1,1
76,2026-09-19 21:07:26,2026-09-19T21:07:26.756105,79.5,tomato,ROTTEN,30.01,88.63,950.61,25792,17283,116,1,1
77,2026-09-19 21:07:27,2026-09-19T21:07:27.811265,80.5,tomato,ROTTEN,30.01,88.68,950.58,25779,17270,119,1,1
78,2026-09-19 21:07:28,2026-09-19T21:07:28.865931,81.6,tomato,ROTTEN,30.01,88.74,950.6,25769,17271,122,1,1
79,2026-09-19 21:07:29,2026-09-19T21:07:29.921525,82.6,tomato,ROTTEN,30.02,88.79,950.61,25771,17258,124,1,1
80,2026-09-19 21:07:30,2026-09-19T21:07:30.976229,83.7,tomato,ROTTEN,30.01,88.84,950.57,25755,17261,127,1,1
81,2026-09-19 21:07:32,2026-09-19T21:07:32.031301,84.8,tomato,ROTTEN,30.01,88.86,950.6,25740,17251,129,1,1
82,2026-09-19 21:07:33,2026-09-19T21:07:33.085834,85.8,tomato,ROTTEN,30.01,88.91,950.59,25740,17254,132,1,1
83,2026-09-19 21:07:34,2026-09-19T21:07:34.140949,86.9,tomato,ROTTEN,30.01,88.94,950.6,25747,17244,133,1,1
84,2026-09-19 21:07:35,2026-09-19T21:07:35.196365,87.9,tomato,ROTTEN,30.02,88.98,950.59,25728,17239,136,1,1
85,2026-09-19 21:07:36,2026-09-19T21:07:36.250936,89.0,tomato,ROTTEN,30.01,89.0,950.59,25717,17229,138,1,1
86,2026-09-19 21:07:37,2026-09-19T21:07:37.306480,90.0,tomato,ROTTEN,30.01,89.05,950.56,25710,17228,140,1,1
87,2026-09-19 21:07:38,2026-09-19T21:07:38.361194,91.1,tomato,ROTTEN,30.01,89.08,950.58,25706,17213,142,1,1
88,2026-09-19 21:07:39,2026-09-19T21:07:39.416285,92.1,tomato,ROTTEN,30.01,89.12,950.61,25700,17216,143,1,1
89,2026-09-19 21:07:40,2026-09-19T21:07:40.471497,93.2,tomato,ROTTEN,30.01,89.15,950.59,25698,17203,145,1,1
90,2026-09-19 21:07:41,2026-09-19T21:07:41.525928,94.3,tomato,ROTTEN,30.01,89.2,950.59,25686,17202,146,1,1
91,2026-09-19 21:07:42,2026-09-19T21:07:42.580754,95.3,tomato,ROTTEN,30.01,89.25,950.58,25671,17196,148,1,1
92,2026-09-19 21:07:43,2026-09-19T21:07:43.636093,96.4,tomato,ROTTEN,30.01,89.3,950.57,25687,17192,149,1,1
93,2026-09-19 21:07:44,2026-09-19T21:07:44.690745,97.4,tomato,ROTTEN,30.01,89.35,950.56,25681,17187,150,1,1
94,2026-09-19 21:07:45,2026-09-19T21:07:45.746011,98.5,tomato,ROTTEN,30.01,89.39,950.62,25672,17179,151,1,1
95,2026-09-19 21:07:46,2026-09-19T21:07:46.800991,99.5,tomato,ROTTEN,30.01,89.44,950.56,25660,17181,152,1,1
96,2026-09-19 21:07:47,2026-09-19T21:07:47.856248,100.6,tomato,ROTTEN,30.01,89.48,950.58,25655,17175,153,1,1
97,2026-09-19 21:07:48,2026-09-19T21:07:48.910949,101.6,tomato,ROTTEN,30.01,89.53,950.6,25654,17166,154,1,1
98,2026-09-19 21:07:49,2026-09-19T21:07:49.966167,102.7,tomato,ROTTEN,30.01,89.56,950.59,25646,17165,155,1,1
99,2026-09-19 21:07:51,2026-09-19T21:07:51.020805,103.7,tomato,ROTTEN,30.02,89.62,950.59,25646,17161,155,1,1
100,2026-09-19 21:07:52,2026-09-19T21:07:52.076267,104.8,tomato,ROTTEN,30.02,89.64,950.58,25641,17158,156,1,1
101,2026-09-19 21:07:53,2026-09-19T21:07:53.130578,105.9,tomato,ROTTEN,30.01,89.69,950.58,25635,17151,156,1,1
102,2026-09-19 21:07:54,2026-09-19T21:07:54.185773,106.9,tomato,ROTTEN,30.01,89.75,950.58,25634,17150,157,1,1
103,2026-09-19 21:07:55,2026-09-19T21:07:55.241312,108.0,tomato,ROTTEN,30.02,89.8,950.57,25622,17140,157,1,1
104,2026-09-19 21:07:56,2026-09-19T21:07:56.296155,109.0,tomato,ROTTEN,30.01,89.85,950.59,25620,17135,158,1,1
105,2026-09-19 21:07:57,2026-09-19T21:07:57.350765,110.1,tomato,ROTTEN,30.02,89.89,950.59,25620,17132,158,1,1
106,2026-09-19 21:07:58,2026-09-19T21:07:58.406287,111.1,tomato,ROTTEN,30.02,89.93,950.6,25611,17135,158,1,1
107,2026-09-19 21:07:59,2026-09-19T21:07:59.460829,112.2,tomato,ROTTEN,30.02,89.98,950.58,25616,17131,158,1,1
108,2026-09-19 21:08:00,2026-09-19T21:08:00.515904,113.2,tomato,ROTTEN,30.02,90.01,950.61,25597,17128,158,1,1
109,2026-09-19 21:08:01,2026-09-19T21:08:01.571198,114.3,tomato,ROTTEN,30.02,90.05,950.59,25589,17117,159,1,1
110,2026-09-19 21:08:02,2026-09-19T21:08:02.625775,115.4,tomato,ROTTEN,30.01,90.07,950.6,25586,17116,159,1,1
111,2026-09-19 21:08:03,2026-09-19T21:08:03.680665,116.4,tomato,ROTTEN,30.01,90.11,950.57,25584,17112,159,1,1
112,2026-09-19 21:08:04,2026-09-19T21:08:04.736707,117.5,tomato,ROTTEN,30.01,90.14,950.59,25576,17109,160,1,1
113,2026-09-19 21:08:05,2026-09-19T21:08:05.791219,118.5,tomato,ROTTEN,30.01,90.16,950.59,25570,17099,160,1,1
114,2026-09-19 21:08:06,2026-09-19T21:08:06.846140,119.6,tomato,ROTTEN,30.01,90.19,950.59,25569,17094,160,1,1
115,2026-09-19 21:08:07,2026-09-19T21:08:07.901278,120.6,tomato,ROTTEN,30.01,90.22,950.61,25563,17095,160,1,1
116,2026-09-19 21:08:08,2026-09-19T21:08:08.956129,121.7,tomato,ROTTEN,30.01,90.23,950.59,25552,17085,160,1,1
117,2026-09-19 21:08:10,2026-09-19T21:08:10.011503,122.7,tomato,ROTTEN,30.0,90.27,950.59,25539,17080,161,1,1
118,2026-09-19 21:08:11,2026-09-19T21:08:11.065832,123.8,tomato,ROTTEN,30.01,90.28,950.59,25560,17084,160,1,1
119,2026-09-19 21:08:12,2026-09-19T21:08:12.121928,124.8,tomato,ROTTEN,30.0,90.3,950.6,25549,17077,160,1,1
120,2026-09-19 21:08:13,2026-09-19T21:08:13.176172,125.9,tomato,ROTTEN,30.0,90.33,950.58,25537,17072,160,1,1
121,2026-09-19 21:08:14,2026-09-19T21:08:14.231015,127.0,tomato,ROTTEN,30.0,90.35,950.61,25536,17070,160,1,1
122,2026-09-19 21:08:15,2026-09-19T21:08:15.285695,128.0,tomato,ROTTEN,30.0,90.39,950.58,25522,17062,160,1,1
123,2026-09-19 21:08:16,2026-09-19T21:08:16.340912,129.1,tomato,ROTTEN,30.0,90.4,950.57,25527,17059,160,1,1
124,2026-09-19 21:08:17,2026-09-19T21:08:17.396217,130.1,tomato,ROTTEN,30.0,90.41,950.6,25525,17051,160,1,1
125,2026-09-19 21:08:18,2026-09-19T21:08:18.451478,131.2,tomato,ROTTEN,29.99,90.45,950.57,25514,17043,160,1,1
126,2026-09-19 21:08:19,2026-09-19T21:08:19.506187,132.2,tomato,ROTTEN,29.99,90.47,950.56,25504,17052,160,1,1
127,2026-09-19 21:08:20,2026-09-19T21:08:20.561239,133.3,tomato,ROTTEN,29.99,90.48,950.59,25503,17036,160,1,1
128,2026-09-19 21:08:21,2026-09-19T21:08:21.616265,134.3,tomato,ROTTEN,29.99,90.52,950.6,25492,17039,160,1,1
129,2026-09-19 21:08:22,2026-09-19T21:08:22.671271,135.4,tomato,ROTTEN,29.99,90.54,950.59,25495,17034,160,1,1
130,2026-09-19 21:08:23,2026-09-19T21:08:23.726257,136.5,tomato,ROTTEN,29.99,90.56,950.59,25489,17028,160,1,1
131,2026-09-19 21:08:24,2026-09-19T21:08:24.781058,137.5,tomato,ROTTEN,29.99,90.59,950.55,25480,17029,160,1,1
132,2026-09-19 21:08:25,2026-09-19T21:08:25.836356,138.6,tomato,ROTTEN,29.99,90.61,950.58,25476,17020,160,1,1
133,2026-09-19 21:08:26,2026-09-19T21:08:26.891243,139.6,tomato,ROTTEN,29.99,90.64,950.58,25477,17020,159,1,1
134,2026-09-19 21:08:27,2026-09-19T21:08:27.946242,140.7,tomato,ROTTEN,29.99,90.65,950.59,25479,17019,159,1,1
135,2026-09-19 21:08:29,2026-09-19T21:08:29.000710,141.7,tomato,ROTTEN,29.98,90.68,950.56,25461,17011,159,1,1
136,2026-09-19 21:08:30,2026-09-19T21:08:30.056223,142.8,tomato,ROTTEN,29.98,90.71,950.6,25461,17013,159,1,1
137,2026-09-19 21:08:31,2026-09-19T21:08:31.111321,143.8,tomato,ROTTEN,29.99,90.73,950.6,25461,17004,158,1,1
138,2026-09-19 21:08:32,2026-09-19T21:08:32.166197,144.9,tomato,ROTTEN,29.99,90.75,950.57,25452,17011,158,1,1
139,2026-09-19 21:08:33,2026-09-19T21:08:33.221254,145.9,tomato,ROTTEN,29.99,90.76,950.61,25449,16999,158,1,1
140,2026-09-19 21:08:34,2026-09-19T21:08:34.276246,147.0,tomato,ROTTEN,29.98,90.8,950.58,25441,16995,158,1,1
141,2026-09-19 21:08:35,2026-09-19T21:08:35.331200,148.1,tomato,ROTTEN,29.98,90.81,950.59,25444,16988,158,1,1
142,2026-09-19 21:08:36,2026-09-19T21:08:36.385864,149.1,tomato,ROTTEN,29.98,90.82,950.59,25439,16992,157,1,1
143,2026-09-19 21:08:37,2026-09-19T21:08:37.440974,150.2,tomato,ROTTEN,29.98,90.82,950.58,25441,16986,157,1,1
144,2026-09-19 21:08:38,2026-09-19T21:08:38.496061,151.2,tomato,ROTTEN,29.98,90.85,950.58,25428,16985,157,1,1
145,2026-09-19 21:08:39,2026-09-19T21:08:39.551142,152.3,tomato,ROTTEN,29.97,90.85,950.58,25434,16982,156,1,1
146,2026-09-19 21:08:40,2026-09-19T21:08:40.606192,153.3,tomato,ROTTEN,29.98,90.86,950.59,25418,16973,156,1,1
147,2026-09-19 21:08:41,2026-09-19T21:08:41.660775,154.4,tomato,ROTTEN,29.97,90.87,950.57,25414,16974,156,1,1
148,2026-09-19 21:08:42,2026-09-19T21:08:42.716081,155.4,tomato,ROTTEN,29.97,90.87,950.59,25420,16967,155,1,1
149,2026-09-19 21:08:43,2026-09-19T21:08:43.771046,156.5,tomato,ROTTEN,29.97,90.88,950.58,25417,16974,155,1,1
150,2026-09-19 21:08:44,2026-09-19T21:08:44.826075,157.6,tomato,ROTTEN,29.97,90.89,950.58,25408,16969,154,1,1
151,2026-09-19 21:08:45,2026-09-19T21:08:45.880741,158.6,tomato,ROTTEN,29.96,90.9,950.59,25397,16962,154,1,1
152,2026-09-19 21:08:46,2026-09-19T21:08:46.935893,159.7,tomato,ROTTEN,29.96,90.9,950.57,25409,16959,154,1,1
153,2026-09-19 21:08:47,2026-09-19T21:08:47.990651,160.7,tomato,ROTTEN,29.96,90.93,950.57,25396,16951,153,1,1
154,2026-09-19 21:08:49,2026-09-19T21:08:49.048504,161.8,tomato,ROTTEN,29.96,90.94,950.56,25384,16945,153,1,1
155,2026-09-19 21:08:50,2026-09-19T21:08:50.101317,162.8,tomato,ROTTEN,29.96,90.97,950.57,25390,16948,153,1,1
156,2026-09-19 21:08:51,2026-09-19T21:08:51.155887,163.9,tomato,ROTTEN,29.96,90.99,950.58,25380,16947,153,1,1
157,2026-09-19 21:08:52,2026-09-19T21:08:52.211210,164.9,tomato,ROTTEN,29.96,91.01,950.6,25383,16937,152,1,1
158,2026-09-19 21:08:53,2026-09-19T21:08:53.266333,166.0,tomato,ROTTEN,29.96,91.02,950.59,25379,16940,152,1,1
159,2026-09-19 21:08:54,2026-09-19T21:08:54.321128,167.0,tomato,ROTTEN,29.96,91.04,950.6,25363,16932,152,1,1
160,2026-09-19 21:08:55,2026-09-19T21:08:55.376233,168.1,tomato,ROTTEN,29.96,91.04,950.57,25376,16936,151,1,1
161,2026-09-19 21:08:56,2026-09-19T21:08:56.431133,169.2,tomato,ROTTEN,29.96,91.08,950.58,25364,16927,151,1,1
162,2026-09-19 21:08:57,2026-09-19T21:08:57.485714,170.2,tomato,ROTTEN,29.96,91.09,950.58,25356,16933,151,1,1
163,2026-09-19 21:08:58,2026-09-19T21:08:58.541152,171.3,tomato,ROTTEN,29.96,91.1,950.57,25351,16929,151,1,1
164,2026-09-19 21:08:59,2026-09-19T21:08:59.595938,172.3,tomato,ROTTEN,29.96,91.14,950.57,25368,16928,150,1,1
165,2026-09-19 21:09:00,2026-09-19T21:09:00.651167,173.4,tomato,ROTTEN,29.96,91.14,950.59,25353,16924,150,1,1
166,2026-09-19 21:09:01,2026-09-19T21:09:01.706182,174.4,tomato,ROTTEN,29.96,91.16,950.57,25345,16920,150,1,1
167,2026-09-19 21:09:02,2026-09-19T21:09:02.761122,175.5,tomato,ROTTEN,29.96,91.16,950.57,25351,16912,149,1,1
168,2026-09-19 21:09:03,2026-09-19T21:09:03.816052,176.5,tomato,ROTTEN,29.96,91.17,950.59,25340,16916,149,1,1
169,2026-09-19 21:09:04,2026-09-19T21:09:04.870637,177.6,tomato,ROTTEN,29.96,91.2,950.59,25351,16918,148,1,1
170,2026-09-19 21:09:05,2026-09-19T21:09:05.926015,178.7,tomato,ROTTEN,29.95,91.21,950.57,25338,16916,148,1,1
171,2026-09-19 21:09:06,2026-09-19T21:09:06.980722,179.7,tomato,ROTTEN,29.95,91.22,950.57,25339,16915,147,1,1
172,2026-09-19 21:09:08,2026-09-19T21:09:08.035864,180.8,tomato,ROTTEN,29.96,91.23,950.59,25332,16905,147,1,1
173,2026-09-19 21:09:09,2026-09-19T21:09:09.090906,181.8,tomato,ROTTEN,29.95,91.24,950.58,25335,16906,146,1,1
174,2026-09-19 21:09:10,2026-09-19T21:09:10.145809,182.9,tomato,ROTTEN,29.94,91.25,950.58,25321,16898,146,1,1
175,2026-09-19 21:09:11,2026-09-19T21:09:11.200839,183.9,tomato,ROTTEN,29.95,91.27,950.57,25324,16894,146,1,1
176,2026-09-19 21:09:12,2026-09-19T21:09:12.255916,185.0,tomato,ROTTEN,29.94,91.25,950.58,25325,16893,145,1,1
177,2026-09-19 21:09:13,2026-09-19T21:09:13.310846,186.0,tomato,ROTTEN,29.94,91.27,950.58,25306,16889,145,1,1
178,2026-09-19 21:09:14,2026-09-19T21:09:14.365995,187.1,tomato,ROTTEN,29.94,91.28,950.58,25312,16890,145,1,1
179,2026-09-19 21:09:15,2026-09-19T21:09:15.420808,188.1,tomato,ROTTEN,29.94,91.28,950.57,25315,16884,144,1,1
180,2026-09-19 21:09:16,2026-09-19T21:09:16.475655,189.2,tomato,ROTTEN,29.93,91.29,950.55,25296,16884,144,1,1
181,2026-09-19 21:09:17,2026-09-19T21:09:17.531041,190.3,tomato,ROTTEN,29.93,91.29,950.57,25292,16882,144,1,1
182,2026-09-19 21:09:18,2026-09-19T21:09:18.586000,191.3,tomato,ROTTEN,29.93,91.29,950.58,25305,16884,144,1,1
183,2026-09-19 21:09:19,2026-09-19T21:09:19.641170,192.4,tomato,ROTTEN,29.93,91.3,950.61,25311,16873,143,1,1
184,2026-09-19 21:09:20,2026-09-19T21:09:20.695822,193.4,tomato,ROTTEN,29.93,91.3,950.58,25281,16875,143,1,1
185,2026-09-19 21:09:21,2026-09-19T21:09:21.751027,194.5,tomato,ROTTEN,29.93,91.3,950.58,25291,16867,143,1,1
186,2026-09-19 21:09:22,2026-09-19T21:09:22.806164,195.5,tomato,ROTTEN,29.93,91.3,950.55,25286,16871,142,1,1
187,2026-09-19 21:09:23,2026-09-19T21:09:23.888638,196.6,tomato,ROTTEN,29.93,91.32,950.58,25281,16869,142,1,1
188,2026-09-19 21:09:24,2026-09-19T21:09:24.916285,197.6,tomato,ROTTEN,29.93,91.32,950.54,25283,16863,142,1,1
189,2026-09-19 21:09:25,2026-09-19T21:09:25.972298,198.7,tomato,ROTTEN,29.92,91.33,950.6,25271,16860,142,1,1
190,2026-09-19 21:09:27,2026-09-19T21:09:27.026023,199.8,tomato,ROTTEN,29.92,91.33,950.59,25277,16860,141,1,1
191,2026-09-19 21:09:28,2026-09-19T21:09:28.082255,200.8,tomato,ROTTEN,29.93,91.36,950.58,25271,16860,141,1,1
192,2026-09-19 21:09:29,2026-09-19T21:09:29.136108,201.9,tomato,ROTTEN,29.93,91.38,950.59,25273,16853,141,1,1
193,2026-09-19 21:09:30,2026-09-19T21:09:30.191199,202.9,tomato,ROTTEN,29.93,91.39,950.59,25271,16850,140,1,1
194,2026-09-19 21:09:31,2026-09-19T21:09:31.246119,204.0,tomato,ROTTEN,29.93,91.41,950.61,25269,16855,140,1,1
195,2026-09-19 21:09:32,2026-09-19T21:09:32.301037,205.0,tomato,ROTTEN,29.93,91.44,950.57,25259,16855,140,1,1
196,2026-09-19 21:09:33,2026-09-19T21:09:33.356199,206.1,tomato,ROTTEN,29.93,91.46,950.58,25265,16855,139,1,1
197,2026-09-19 21:09:34,2026-09-19T21:09:34.411171,207.1,tomato,ROTTEN,29.93,91.49,950.6,25258,16848,139,1,1
198,2026-09-19 21:09:35,2026-09-19T21:09:35.465951,208.2,tomato,ROTTEN,29.93,91.51,950.56,25251,16848,139,1,1
199,2026-09-19 21:09:36,2026-09-19T21:09:36.520602,209.2,tomato,ROTTEN,29.94,91.55,950.59,25260,16853,138,1,1
200,2026-09-19 21:09:37,2026-09-19T21:09:37.576097,210.3,tomato,ROTTEN,29.93,91.57,950.58,25247,16843,138,1,1
201,2026-09-19 21:09:38,2026-09-19T21:09:38.630999,211.4,tomato,ROTTEN,29.93,91.6,950.61,25251,16843,137,1,1
202,2026-09-19 21:09:39,2026-09-19T21:09:39.685547,212.4,tomato,ROTTEN,29.93,91.62,950.58,25246,16840,137,1,1
203,2026-09-19 21:09:40,2026-09-19T21:09:40.741023,213.5,tomato,ROTTEN,29.93,91.64,950.6,25246,16834,137,1,1
204,2026-09-19 21:09:41,2026-09-19T21:09:41.795983,214.5,tomato,ROTTEN,29.93,91.68,950.6,25247,16833,136,1,1
205,2026-09-19 21:09:42,2026-09-19T21:09:42.851004,215.6,tomato,ROTTEN,29.94,91.73,950.58,25241,16843,136,1,1
206,2026-09-19 21:09:43,2026-09-19T21:09:43.905948,216.6,tomato,ROTTEN,29.94,91.75,950.57,25251,16842,135,1,1
207,2026-09-19 21:09:44,2026-09-19T21:09:44.960523,217.7,tomato,ROTTEN,29.94,91.78,950.59,25250,16834,135,1,1
208,2026-09-19 21:09:46,2026-09-19T21:09:46.037513,218.8,tomato,ROTTEN,29.94,91.8,950.6,25243,16838,134,1,1
209,2026-09-19 21:09:47,2026-09-19T21:09:47.071101,219.8,tomato,ROTTEN,29.94,91.83,950.6,25225,16837,134,1,1
210,2026-09-19 21:09:48,2026-09-19T21:09:48.125805,220.9,tomato,ROTTEN,29.94,91.87,950.61,25221,16823,134,1,1
211,2026-09-19 21:09:49,2026-09-19T21:09:49.180704,221.9,tomato,ROTTEN,29.94,91.89,950.57,25226,16833,134,1,1
212,2026-09-19 21:09:50,2026-09-19T21:09:50.235928,223.0,tomato,ROTTEN,29.94,91.93,950.61,25234,16828,133,1,1
213,2026-09-19 21:09:51,2026-09-19T21:09:51.290716,224.0,tomato,ROTTEN,29.93,91.96,950.58,25219,16830,133,1,1
214,2026-09-19 21:09:52,2026-09-19T21:09:52.346253,225.1,tomato,ROTTEN,29.94,92.0,950.59,25228,16826,132,1,1
215,2026-09-19 21:09:53,2026-09-19T21:09:53.401019,226.1,tomato,ROTTEN,29.94,92.02,950.59,25222,16826,132,1,1
216,2026-09-19 21:09:54,2026-09-19T21:09:54.455768,227.2,tomato,ROTTEN,29.94,92.06,950.56,25220,16825,132,1,1
217,2026-09-19 21:09:55,2026-09-19T21:09:55.511115,228.2,tomato,ROTTEN,29.94,92.08,950.6,25216,16825,131,1,1
218,2026-09-19 21:09:56,2026-09-19T21:09:56.566095,229.3,tomato,ROTTEN,29.94,92.11,950.59,25214,16825,131,1,1
219,2026-09-19 21:09:57,2026-09-19T21:09:57.621066,230.3,tomato,ROTTEN,29.94,92.14,950.59,25214,16827,131,1,1
220,2026-09-19 21:09:58,2026-09-19T21:09:58.676076,231.4,tomato,ROTTEN,29.95,92.17,950.59,25218,16825,130,1,1
221,2026-09-19 21:09:59,2026-09-19T21:09:59.730903,232.5,tomato,ROTTEN,29.94,92.19,950.6,25207,16822,130,1,1
222,2026-09-19 21:10:00,2026-09-19T21:10:00.785934,233.5,tomato,ROTTEN,29.94,92.23,950.6,25207,16813,130,1,1
223,2026-09-19 21:10:01,2026-09-19T21:10:01.841126,234.6,tomato,ROTTEN,29.94,92.25,950.59,25197,16817,130,1,1
224,2026-09-19 21:10:02,2026-09-19T21:10:02.896209,235.6,tomato,ROTTEN,29.94,92.28,950.57,25198,16815,130,1,1
225,2026-09-19 21:10:03,2026-09-19T21:10:03.950999,236.7,tomato,ROTTEN,29.94,92.31,950.59,25197,16819,129,1,1
226,2026-09-19 21:10:05,2026-09-19T21:10:05.005902,237.7,tomato,ROTTEN,29.94,92.33,950.6,25194,16817,129,1,1
227,2026-09-19 21:10:06,2026-09-19T21:10:06.061199,238.8,tomato,ROTTEN,29.94,92.36,950.59,25195,16812,129,1,1
228,2026-09-19 21:10:07,2026-09-19T21:10:07.116189,239.8,tomato,ROTTEN,29.93,92.38,950.58,25184,16814,129,1,1
229,2026-09-19 21:10:08,2026-09-19T21:10:08.171168,240.9,tomato,ROTTEN,29.93,92.41,950.6,25178,16808,129,1,1
230,2026-09-19 21:10:09,2026-09-19T21:10:09.226080,242.0,tomato,ROTTEN,29.93,92.44,950.59,25177,16807,129,1,1
231,2026-09-19 21:10:10,2026-09-19T21:10:10.280844,243.0,tomato,ROTTEN,29.94,92.46,950.61,25190,16811,129,1,1
232,2026-09-19 21:10:11,2026-09-19T21:10:11.336161,244.1,tomato,ROTTEN,29.93,92.48,950.6,25178,16794,128,1,1
233,2026-09-19 21:10:12,2026-09-19T21:10:12.391093,245.1,tomato,ROTTEN,29.94,92.51,950.61,25169,16807,128,1,1
234,2026-09-19 21:10:13,2026-09-19T21:10:13.445657,246.2,tomato,ROTTEN,29.94,92.52,950.6,25168,16799,128,1,1
235,2026-09-19 21:10:14,2026-09-19T21:10:14.501117,247.2,tomato,ROTTEN,29.93,92.54,950.61,25158,16799,129,1,1
236,2026-09-19 21:10:15,2026-09-19T21:10:15.556110,248.3,tomato,ROTTEN,29.93,92.56,950.59,25165,16794,129,1,1
237,2026-09-19 21:10:16,2026-09-19T21:10:16.611103,249.3,tomato,ROTTEN,29.93,92.58,950.59,25156,16803,129,1,1
238,2026-09-19 21:10:17,2026-09-19T21:10:17.666105,250.4,tomato,ROTTEN,29.93,92.59,950.61,25150,16802,129,1,1
239,2026-09-19 21:10:18,2026-09-19T21:10:18.720534,251.4,tomato,ROTTEN,29.93,92.6,950.59,25158,16794,129,1,1
240,2026-09-19 21:10:19,2026-09-19T21:10:19.775987,252.5,tomato,ROTTEN,29.93,92.61,950.59,25150,16795,129,1,1
241,2026-09-19 21:10:20,2026-09-19T21:10:20.830855,253.6,tomato,ROTTEN,29.92,92.62,950.59,25154,16789,128,1,1
242,2026-09-19 21:10:21,2026-09-19T21:10:21.886137,254.6,tomato,ROTTEN,29.92,92.64,950.6,25145,16789,128,1,1
243,2026-09-19 21:10:22,2026-09-19T21:10:22.940542,255.7,tomato,ROTTEN,29.92,92.65,950.59,25151,16786,128,1,1
244,2026-09-19 21:10:23,2026-09-19T21:10:23.995873,256.7,tomato,ROTTEN,29.91,92.65,950.59,25146,16792,128,1,1
245,2026-09-19 21:10:25,2026-09-19T21:10:25.051031,257.8,tomato,ROTTEN,29.91,92.66,950.6,25146,16787,128,1,1
246,2026-09-19 21:10:26,2026-09-19T21:10:26.105860,258.8,tomato,ROTTEN,29.91,92.66,950.62,25141,16793,128,1,1
247,2026-09-19 21:10:27,2026-09-19T21:10:27.161050,259.9,tomato,ROTTEN,29.91,92.66,950.62,25143,16783,128,1,1
248,2026-09-19 21:10:28,2026-09-19T21:10:28.216096,260.9,tomato,ROTTEN,29.91,92.66,950.6,25136,16777,128,1,1
249,2026-09-19 21:10:29,2026-09-19T21:10:29.271440,262.0,tomato,ROTTEN,29.9,92.66,950.61,25138,16782,127,1,1
250,2026-09-19 21:10:30,2026-09-19T21:10:30.326151,263.1,tomato,ROTTEN,29.9,92.65,950.62,25139,16776,127,1,1
251,2026-09-19 21:10:31,2026-09-19T21:10:31.380903,264.1,tomato,ROTTEN,29.9,92.66,950.59,25138,16772,127,1,1
252,2026-09-19 21:10:32,2026-09-19T21:10:32.436021,265.2,tomato,ROTTEN,29.89,92.64,950.58,25128,16774,127,1,1
253,2026-09-19 21:10:33,2026-09-19T21:10:33.490985,266.2,tomato,ROTTEN,29.89,92.64,950.6,25122,16773,127,1,1
254,2026-09-19 21:10:34,2026-09-19T21:10:34.545932,267.3,tomato,ROTTEN,29.89,92.64,950.61,25117,16769,127,1,1
255,2026-09-19 21:10:35,2026-09-19T21:10:35.600916,268.3,tomato,ROTTEN,29.89,92.63,950.61,25117,16774,127,1,1
256,2026-09-19 21:10:36,2026-09-19T21:10:36.655957,269.4,tomato,ROTTEN,29.89,92.63,950.59,25122,16770,127,1,1
257,2026-09-19 21:10:37,2026-09-19T21:10:37.710755,270.4,tomato,ROTTEN,29.88,92.62,950.59,25118,16760,126,1,1
258,2026-09-19 21:10:38,2026-09-19T21:10:38.766302,271.5,tomato,ROTTEN,29.88,92.59,950.59,25115,16763,126,1,1
259,2026-09-19 21:10:39,2026-09-19T21:10:39.820529,272.5,tomato,ROTTEN,29.88,92.59,950.57,25102,16759,126,1,1
260,2026-09-19 21:10:40,2026-09-19T21:10:40.875944,273.6,tomato,ROTTEN,29.88,92.58,950.59,25108,16751,126,1,1
261,2026-09-19 21:10:41,2026-09-19T21:10:41.930779,274.7,tomato,ROTTEN,29.88,92.59,950.62,25109,16758,126,1,1
262,2026-09-19 21:10:42,2026-09-19T21:10:42.985606,275.7,tomato,ROTTEN,29.88,92.59,950.61,25102,16752,126,1,1
263,2026-09-19 21:10:44,2026-09-19T21:10:44.040942,276.8,tomato,ROTTEN,29.87,92.59,950.58,25107,16745,126,1,1
264,2026-09-19 21:10:45,2026-09-19T21:10:45.096204,277.8,tomato,ROTTEN,29.87,92.6,950.59,25097,16749,126,1,1
265,2026-09-19 21:10:46,2026-09-19T21:10:46.150951,278.9,tomato,ROTTEN,29.87,92.6,950.58,25102,16741,126,1,1
266,2026-09-19 21:10:47,2026-09-19T21:10:47.206028,279.9,tomato,ROTTEN,29.88,92.6,950.6,25104,16750,125,1,1
267,2026-09-19 21:10:48,2026-09-19T21:10:48.260813,281.0,tomato,ROTTEN,29.88,92.63,950.61,25098,16747,125,1,1
268,2026-09-19 21:10:49,2026-09-19T21:10:49.315701,282.0,tomato,ROTTEN,29.88,92.64,950.62,25088,16749,125,1,1
269,2026-09-19 21:10:50,2026-09-19T21:10:50.370686,283.1,tomato,ROTTEN,29.88,92.65,950.59,25088,16747,125,1,1
270,2026-09-19 21:10:51,2026-09-19T21:10:51.426143,284.2,tomato,ROTTEN,29.88,92.67,950.64,25096,16741,125,1,1
271,2026-09-19 21:10:52,2026-09-19T21:10:52.480520,285.2,tomato,ROTTEN,29.88,92.69,950.62,25095,16751,125,1,1
272,2026-09-19 21:10:53,2026-09-19T21:10:53.535645,286.3,tomato,ROTTEN,29.88,92.74,950.61,25090,16740,124,1,1
273,2026-09-19 21:10:54,2026-09-19T21:10:54.590598,287.3,tomato,ROTTEN,29.88,92.71,950.6,25092,16739,124,1,1
274,2026-09-19 21:10:55,2026-09-19T21:10:55.646859,288.4,tomato,ROTTEN,29.88,92.74,950.63,25078,16741,124,1,1
275,2026-09-19 21:10:56,2026-09-19T21:10:56.701146,289.4,tomato,ROTTEN,29.88,92.75,950.62,25082,16739,124,1,1
276,2026-09-19 21:10:57,2026-09-19T21:10:57.756196,290.5,tomato,ROTTEN,29.88,92.77,950.6,25084,16733,124,1,1
277,2026-09-19 21:10:58,2026-09-19T21:10:58.811262,291.5,tomato,ROTTEN,29.88,92.78,950.59,25084,16740,124,1,1
278,2026-09-19 21:10:59,2026-09-19T21:10:59.866172,292.6,tomato,ROTTEN,29.89,92.81,950.62,25078,16741,123,1,1
279,2026-09-19 21:11:00,2026-09-19T21:11:00.921458,293.6,tomato,ROTTEN,29.88,92.83,950.63,25076,16730,123,1,1
280,2026-09-19 21:11:01,2026-09-19T21:11:01.976085,294.7,tomato,ROTTEN,29.88,92.83,950.61,25080,16738,123,1,1
281,2026-09-19 21:11:03,2026-09-19T21:11:03.030821,295.8,tomato,ROTTEN,29.88,92.86,950.63,25084,16734,123,1,1
282,2026-09-19 21:11:04,2026-09-19T21:11:04.085548,296.8,tomato,ROTTEN,29.89,92.88,950.62,25075,16736,122,1,1
283,2026-09-19 21:11:05,2026-09-19T21:11:05.141027,297.9,tomato,ROTTEN,29.88,92.89,950.63,25077,16733,122,1,1
284,2026-09-19 21:11:06,2026-09-19T21:11:06.196098,298.9,tomato,ROTTEN,29.88,92.9,950.61,25072,16734,122,1,1
285,2026-09-19 21:11:07,2026-09-19T21:11:07.251114,300.0,tomato,ROTTEN,29.88,92.93,950.62,25076,16727,122,1,1
286,2026-09-19 21:11:08,2026-09-19T21:11:08.305804,301.0,tomato,ROTTEN,29.88,92.94,950.61,25069,16729,121,1,1
287,2026-09-19 21:11:09,2026-09-19T21:11:09.361171,302.1,tomato,ROTTEN,29.89,92.95,950.61,25061,16727,121,1,1
288,2026-09-19 21:11:10,2026-09-19T21:11:10.416096,303.1,tomato,ROTTEN,29.88,92.96,950.63,25056,16731,121,1,1
289,2026-09-19 21:11:11,2026-09-19T21:11:11.471102,304.2,tomato,ROTTEN,29.88,92.97,950.62,25064,16725,121,1,1
290,2026-09-19 21:11:12,2026-09-19T21:11:12.525957,305.3,tomato,ROTTEN,29.88,93.0,950.61,25057,16723,121,1,1
291,2026-09-19 21:11:13,2026-09-19T21:11:13.581026,306.3,tomato,ROTTEN,29.88,93.0,950.62,25052,16725,121,1,1
292,2026-09-19 21:11:14,2026-09-19T21:11:14.635582,307.4,tomato,ROTTEN,29.88,93.01,950.62,25052,16729,121,1,1
293,2026-09-19 21:11:15,2026-09-19T21:11:15.691071,308.4,tomato,ROTTEN,29.88,93.03,950.63,25048,16722,121,1,1
294,2026-09-19 21:11:16,2026-09-19T21:11:16.746107,309.5,tomato,ROTTEN,29.88,93.05,950.62,25051,16722,121,1,1
295,2026-09-19 21:11:17,2026-09-19T21:11:17.801035,310.5,tomato,ROTTEN,29.88,93.07,950.6,25049,16722,121,1,1
296,2026-09-19 21:11:18,2026-09-19T21:11:18.856026,311.6,tomato,ROTTEN,29.87,93.07,950.61,25051,16722,121,1,1
297,2026-09-19 21:11:19,2026-09-19T21:11:19.911195,312.6,tomato,ROTTEN,29.88,93.09,950.62,25046,16724,121,1,1
298,2026-09-19 21:11:20,2026-09-19T21:11:20.965591,313.7,tomato,ROTTEN,29.87,93.11,950.59,25043,16721,121,1,1
299,2026-09-19 21:11:22,2026-09-19T21:11:22.021366,314.7,tomato,ROTTEN,29.88,93.13,950.62,25045,16718,120,1,1
300,2026-09-19 21:11:23,2026-09-19T21:11:23.075493,315.8,tomato,ROTTEN,29.88,93.13,950.61,25042,16715,120,1,1
301,2026-09-19 21:11:24,2026-09-19T21:11:24.130983,316.9,tomato,ROTTEN,29.87,93.16,950.59,25037,16712,120,1,1
302,2026-09-19 21:11:25,2026-09-19T21:11:25.186252,317.9,tomato,ROTTEN,29.87,93.17,950.61,25031,16706,120,1,1
303,2026-09-19 21:11:26,2026-09-19T21:11:26.240774,319.0,tomato,ROTTEN,29.87,93.19,950.59,25040,16712,120,1,1
304,2026-09-19 21:11:27,2026-09-19T21:11:27.296219,320.0,tomato,ROTTEN,29.87,93.21,950.59,25032,16715,120,1,1
305,2026-09-19 21:11:28,2026-09-19T21:11:28.350658,321.1,tomato,ROTTEN,29.88,93.23,950.6,25026,16712,120,1,1
306,2026-09-19 21:11:29,2026-09-19T21:11:29.406054,322.1,tomato,ROTTEN,29.87,93.24,950.6,25022,16709,120,1,1
307,2026-09-19 21:11:30,2026-09-19T21:11:30.461289,323.2,tomato,ROTTEN,29.87,93.26,950.61,25022,16709,120,1,1
308,2026-09-19 21:11:31,2026-09-19T21:11:31.515603,324.2,tomato,ROTTEN,29.87,93.28,950.58,25019,16702,120,1,1
309,2026-09-19 21:11:32,2026-09-19T21:11:32.571128,325.3,tomato,ROTTEN,29.88,93.33,950.59,25020,16704,120,1,1
310,2026-09-19 21:11:33,2026-09-19T21:11:33.632680,326.4,tomato,ROTTEN,29.87,93.33,950.6,25020,16708,120,1,1
311,2026-09-19 21:11:34,2026-09-19T21:11:34.680901,327.4,tomato,ROTTEN,29.87,93.35,950.6,25012,16698,120,1,1
312,2026-09-19 21:11:35,2026-09-19T21:11:35.735695,328.5,tomato,ROTTEN,29.87,93.35,950.6,25014,16701,120,1,1
313,2026-09-19 21:11:36,2026-09-19T21:11:36.790711,329.5,tomato,ROTTEN,29.87,93.36,950.6,25021,16702,120,1,1
314,2026-09-19 21:11:37,2026-09-19T21:11:37.845520,330.6,tomato,ROTTEN,29.88,93.39,950.61,25021,16694,120,1,1
315,2026-09-19 21:11:38,2026-09-19T21:11:38.900863,331.6,tomato,ROTTEN,29.87,93.41,950.61,25006,16708,120,1,1
316,2026-09-19 21:11:39,2026-09-19T21:11:39.956105,332.7,tomato,ROTTEN,29.87,93.42,950.61,25019,16706,120,1,1
317,2026-09-19 21:11:41,2026-09-19T21:11:41.010606,333.7,tomato,ROTTEN,29.88,93.43,950.61,25017,16701,119,1,1
318,2026-09-19 21:11:42,2026-09-19T21:11:42.065800,334.8,tomato,ROTTEN,29.87,93.46,950.59,25012,16692,119,1,1
319,2026-09-19 21:11:43,2026-09-19T21:11:43.120596,335.8,tomato,ROTTEN,29.87,93.47,950.62,25014,16703,119,1,1
320,2026-09-19 21:11:44,2026-09-19T21:11:44.176059,336.9,tomato,ROTTEN,29.87,93.47,950.61,25014,16696,119,1,1
321,2026-09-19 21:11:45,2026-09-19T21:11:45.231033,338.0,tomato,ROTTEN,29.86,93.49,950.6,25005,16697,119,1,1
322,2026-09-19 21:11:46,2026-09-19T21:11:46.285462,339.0,tomato,ROTTEN,29.87,93.52,950.62,25007,16700,118,1,1
323,2026-09-19 21:11:47,2026-09-19T21:11:47.340943,340.1,tomato,ROTTEN,29.87,93.52,950.6,25014,16697,118,1,1
324,2026-09-19 21:11:48,2026-09-19T21:11:48.395506,341.1,tomato,ROTTEN,29.87,93.53,950.6,24997,16695,118,1,1
325,2026-09-19 21:11:49,2026-09-19T21:11:49.451089,342.2,tomato,ROTTEN,29.86,93.54,950.61,25005,16692,118,1,1
326,2026-09-19 21:11:50,2026-09-19T21:11:50.505946,343.2,tomato,ROTTEN,29.87,93.54,950.61,25005,16694,118,1,1
327,2026-09-19 21:11:51,2026-09-19T21:11:51.561162,344.3,tomato,ROTTEN,29.87,93.56,950.59,24992,16699,118,1,1
328,2026-09-19 21:11:52,2026-09-19T21:11:52.616084,345.3,tomato,ROTTEN,29.86,93.57,950.6,24988,16692,118,1,1
329,2026-09-19 21:11:53,2026-09-19T21:11:53.671429,346.4,tomato,ROTTEN,29.86,93.58,950.58,24990,16688,118,1,1
330,2026-09-19 21:11:54,2026-09-19T21:11:54.726049,347.5,tomato,ROTTEN,29.86,93.6,950.6,24987,16688,118,1,1
331,2026-09-19 21:11:55,2026-09-19T21:11:55.780794,348.5,tomato,ROTTEN,29.86,93.61,950.62,24988,16692,118,1,1
332,2026-09-19 21:11:56,2026-09-19T21:11:56.836139,349.6,tomato,ROTTEN,29.86,93.62,950.62,24986,16690,118,1,1
333,2026-09-19 21:11:57,2026-09-19T21:11:57.891071,350.6,tomato,ROTTEN,29.86,93.63,950.62,24983,16687,118,1,1
334,2026-09-19 21:11:58,2026-09-19T21:11:58.945693,351.7,tomato,ROTTEN,29.86,93.66,950.62,24979,16690,118,1,1
335,2026-09-19 21:12:00,2026-09-19T21:12:00.000936,352.7,tomato,ROTTEN,29.86,93.68,950.62,24972,16687,118,1,1
336,2026-09-19 21:12:01,2026-09-19T21:12:01.055616,353.8,tomato,ROTTEN,29.86,93.69,950.64,24970,16690,118,1,1
337,2026-09-19 21:12:02,2026-09-19T21:12:02.111518,354.8,tomato,ROTTEN,29.86,93.7,950.61,24978,16685,118,1,1
338,2026-09-19 21:12:03,2026-09-19T21:12:03.165736,355.9,tomato,ROTTEN,29.86,93.71,950.61,24979,16688,118,1,1
339,2026-09-19 21:12:04,2026-09-19T21:12:04.221502,356.9,tomato,ROTTEN,29.86,93.73,950.6,24969,16679,118,1,1
340,2026-09-19 21:12:05,2026-09-19T21:12:05.276079,358.0,tomato,ROTTEN,29.86,93.74,950.64,24975,16691,118,1,1
341,2026-09-19 21:12:06,2026-09-19T21:12:06.331083,359.1,tomato,ROTTEN,29.86,93.76,950.61,24974,16684,118,1,1
342,2026-09-19 21:12:07,2026-09-19T21:12:07.386107,360.1,tomato,ROTTEN,29.86,93.79,950.62,24968,16688,118,1,1
343,2026-09-19 21:12:08,2026-09-19T21:12:08.441053,361.2,tomato,ROTTEN,29.86,93.8,950.6,24968,16680,118,1,1
344,2026-09-19 21:12:09,2026-09-19T21:12:09.495747,362.2,tomato,ROTTEN,29.86,93.81,950.63,24969,16672,118,1,1
345,2026-09-19 21:12:10,2026-09-19T21:12:10.551185,363.3,tomato,ROTTEN,29.86,93.83,950.61,24968,16681,118,1,1
346,2026-09-19 21:12:11,2026-09-19T21:12:11.606044,364.3,tomato,ROTTEN,29.86,93.85,950.61,24962,16677,118,1,1
347,2026-09-19 21:12:12,2026-09-19T21:12:12.660537,365.4,tomato,ROTTEN,29.86,93.87,950.61,24965,16677,117,1,1
348,2026-09-19 21:12:13,2026-09-19T21:12:13.715643,366.4,tomato,ROTTEN,29.86,93.87,950.61,24959,16677,117,1,1
349,2026-09-19 21:12:14,2026-09-19T21:12:14.770600,367.5,tomato,ROTTEN,29.86,93.89,950.61,24965,16679,117,1,1
350,2026-09-19 21:12:15,2026-09-19T21:12:15.826064,368.6,tomato,ROTTEN,29.85,93.89,950.62,24951,16679,117,1,1
351,2026-09-19 21:12:16,2026-09-19T21:12:16.880527,369.6,tomato,ROTTEN,29.85,93.89,950.61,24962,16672,117,1,1
352,2026-09-19 21:12:17,2026-09-19T21:12:17.936110,370.7,tomato,ROTTEN,29.85,93.89,950.61,24954,16676,117,1,1
353,2026-09-19 21:12:18,2026-09-19T21:12:18.990728,371.7,tomato,ROTTEN,29.84,93.91,950.61,24961,16673,117,1,1
354,2026-09-19 21:12:20,2026-09-19T21:12:20.046072,372.8,tomato,ROTTEN,29.85,93.93,950.61,24954,16666,117,1,1
355,2026-09-19 21:12:21,2026-09-19T21:12:21.101060,373.8,tomato,ROTTEN,29.84,93.91,950.6,24959,16670,116,1,1
356,2026-09-19 21:12:22,2026-09-19T21:12:22.156060,374.9,tomato,ROTTEN,29.84,93.9,950.62,24948,16671,117,1,1
357,2026-09-19 21:12:23,2026-09-19T21:12:23.211333,375.9,tomato,ROTTEN,29.84,93.91,950.62,24948,16666,116,1,1
358,2026-09-19 21:12:24,2026-09-19T21:12:24.266015,377.0,tomato,ROTTEN,29.84,93.92,950.59,24944,16669,116,1,1
359,2026-09-19 21:12:25,2026-09-19T21:12:25.321464,378.0,tomato,ROTTEN,29.83,93.92,950.61,24946,16669,116,1,1
360,2026-09-19 21:12:26,2026-09-19T21:12:26.375868,379.1,tomato,ROTTEN,29.84,93.91,950.62,24939,16665,116,1,1
361,2026-09-19 21:12:27,2026-09-19T21:12:27.430966,380.2,tomato,ROTTEN,29.83,93.91,950.6,24939,16663,117,1,1
362,2026-09-19 21:12:28,2026-09-19T21:12:28.485811,381.2,tomato,ROTTEN,29.83,93.93,950.63,24946,16663,116,1,1
363,2026-09-19 21:12:29,2026-09-19T21:12:29.541025,382.3,tomato,ROTTEN,29.83,93.92,950.6,24937,16660,116,1,1
364,2026-09-19 21:12:30,2026-09-19T21:12:30.595628,383.3,tomato,ROTTEN,29.83,93.93,950.63,24938,16659,116,1,1
365,2026-09-19 21:12:31,2026-09-19T21:12:31.651056,384.4,tomato,ROTTEN,29.83,93.93,950.63,24937,16662,116,1,1
366,2026-09-19 21:12:32,2026-09-19T21:12:32.706022,385.4,tomato,ROTTEN,29.83,93.92,950.63,24934,16657,116,1,1
367,2026-09-19 21:12:33,2026-09-19T21:12:33.761177,386.5,tomato,ROTTEN,29.83,93.93,950.62,24920,16658,116,1,1
368,2026-09-19 21:12:34,2026-09-19T21:12:34.815449,387.5,tomato,ROTTEN,29.82,93.93,950.59,24931,16650,116,1,1
369,2026-09-19 21:12:35,2026-09-19T21:12:35.871232,388.6,tomato,ROTTEN,29.83,93.95,950.61,24934,16657,116,1,1
370,2026-09-19 21:12:36,2026-09-19T21:12:36.926011,389.7,tomato,ROTTEN,29.82,93.94,950.61,24919,16656,116,1,1
371,2026-09-19 21:12:37,2026-09-19T21:12:37.980801,390.7,tomato,ROTTEN,29.82,93.93,950.61,24938,16656,116,1,1
372,2026-09-19 21:12:39,2026-09-19T21:12:39.035772,391.8,tomato,ROTTEN,29.82,93.96,950.63,24932,16653,116,1,1
373,2026-09-19 21:12:40,2026-09-19T21:12:40.090717,392.8,tomato,ROTTEN,29.82,93.96,950.64,24928,16651,116,1,1
374,2026-09-19 21:12:41,2026-09-19T21:12:41.146062,393.9,tomato,ROTTEN,29.82,93.96,950.63,24914,16645,116,1,1
375,2026-09-19 21:12:42,2026-09-19T21:12:42.200729,394.9,tomato,ROTTEN,29.82,93.97,950.63,24919,16651,116,1,1
376,2026-09-19 21:12:43,2026-09-19T21:12:43.256013,396.0,tomato,ROTTEN,29.82,93.98,950.63,24917,16653,116,1,1
377,2026-09-19 21:12:44,2026-09-19T21:12:44.311605,397.0,tomato,ROTTEN,29.82,93.99,950.62,24917,16646,116,1,1
378,2026-09-19 21:12:45,2026-09-19T21:12:45.365563,398.1,tomato,ROTTEN,29.82,94.0,950.64,24913,16651,116,1,1
379,2026-09-19 21:12:46,2026-09-19T21:12:46.421779,399.1,tomato,ROTTEN,29.82,94.0,950.61,24914,16644,116,1,1
380,2026-09-19 21:12:47,2026-09-19T21:12:47.483116,400.2,tomato,ROTTEN,29.82,94.02,950.6,24913,16641,116,1,1
381,2026-09-19 21:12:48,2026-09-19T21:12:48.531051,401.3,tomato,ROTTEN,29.82,94.03,950.6,24915,16648,116,1,1
382,2026-09-19 21:12:49,2026-09-19T21:12:49.586105,402.3,tomato,ROTTEN,29.82,94.04,950.6,24911,16645,116,1,1
383,2026-09-19 21:12:50,2026-09-19T21:12:50.640997,403.4,tomato,ROTTEN,29.83,94.05,950.61,24910,16643,116,1,1
384,2026-09-19 21:12:51,2026-09-19T21:12:51.695540,404.4,tomato,ROTTEN,29.83,94.07,950.59,24912,16647,116,1,1
385,2026-09-19 21:12:52,2026-09-19T21:12:52.751066,405.5,tomato,ROTTEN,29.82,94.09,950.6,24913,16646,115,1,1
386,2026-09-19 21:12:53,2026-09-19T21:12:53.805962,406.5,tomato,ROTTEN,29.82,94.1,950.61,24899,16642,115,1,1
387,2026-09-19 21:12:54,2026-09-19T21:12:54.862022,407.6,tomato,ROTTEN,29.82,94.1,950.58,24908,16639,115,1,1
388,2026-09-19 21:12:55,2026-09-19T21:12:55.916008,408.6,tomato,ROTTEN,29.82,94.12,950.59,24908,16640,115,1,1
389,2026-09-19 21:12:56,2026-09-19T21:12:56.970532,409.7,tomato,ROTTEN,29.82,94.12,950.6,24903,16636,115,1,1
390,2026-09-19 21:12:58,2026-09-19T21:12:58.025580,410.8,tomato,ROTTEN,29.82,94.12,950.62,24905,16644,115,1,1
391,2026-09-19 21:12:59,2026-09-19T21:12:59.080903,411.8,tomato,ROTTEN,29.82,94.13,950.58,24900,16644,115,1,1
392,2026-09-19 21:13:00,2026-09-19T21:13:00.136103,412.9,tomato,ROTTEN,29.82,94.13,950.58,24898,16633,115,1,1
393,2026-09-19 21:13:01,2026-09-19T21:13:01.191037,413.9,tomato,ROTTEN,29.82,94.13,950.59,24900,16630,115,1,1
394,2026-09-19 21:13:02,2026-09-19T21:13:02.246030,415.0,tomato,ROTTEN,29.82,94.14,950.58,24895,16638,115,1,1
395,2026-09-19 21:13:03,2026-09-19T21:13:03.300575,416.0,tomato,ROTTEN,29.82,94.13,950.59,24892,16638,115,1,1
396,2026-09-19 21:13:04,2026-09-19T21:13:04.355983,417.1,tomato,ROTTEN,29.81,94.14,950.58,24892,16630,115,1,1
397,2026-09-19 21:13:05,2026-09-19T21:13:05.411169,418.1,tomato,ROTTEN,29.81,94.16,950.6,24891,16633,115,1,1
398,2026-09-19 21:13:06,2026-09-19T21:13:06.466002,419.2,tomato,ROTTEN,29.82,94.16,950.58,24892,16634,115,1,1
399,2026-09-19 21:13:07,2026-09-19T21:13:07.520876,420.2,tomato,ROTTEN,29.82,94.16,950.61,24888,16629,115,1,1
400,2026-09-19 21:13:08,2026-09-19T21:13:08.576009,421.3,tomato,ROTTEN,29.81,94.16,950.61,24879,16627,115,1,1
401,2026-09-19 21:13:09,2026-09-19T21:13:09.630606,422.4,tomato,ROTTEN,29.81,94.17,950.58,24880,16629,115,1,1
402,2026-09-19 21:13:10,2026-09-19T21:13:10.686084,423.4,tomato,ROTTEN,29.81,94.17,950.6,24880,16631,115,1,1
403,2026-09-19 21:13:11,2026-09-19T21:13:11.741087,424.5,tomato,ROTTEN,29.81,94.19,950.58,24876,16625,115,1,1
404,2026-09-19 21:13:12,2026-09-19T21:13:12.796019,425.5,tomato,ROTTEN,29.81,94.2,950.6,24879,16624,115,1,1
405,2026-09-19 21:13:13,2026-09-19T21:13:13.850997,426.6,tomato,ROTTEN,29.81,94.2,950.59,24876,16631,115,1,1
406,2026-09-19 21:13:14,2026-09-19T21:13:14.905531,427.6,tomato,ROTTEN,29.81,94.21,950.59,24886,16637,115,1,1
407,2026-09-19 21:13:15,2026-09-19T21:13:15.960984,428.7,tomato,ROTTEN,29.81,94.2,950.59,24875,16629,115,1,1
408,2026-09-19 21:13:17,2026-09-19T21:13:17.015874,429.7,tomato,ROTTEN,29.81,94.25,950.58,24876,16623,115,1,1
409,2026-09-19 21:13:18,2026-09-19T21:13:18.071175,430.8,tomato,ROTTEN,29.81,94.25,950.62,24885,16626,114,1,1
410,2026-09-19 21:13:19,2026-09-19T21:13:19.125664,431.9,tomato,ROTTEN,29.81,94.26,950.59,24876,16630,114,1,1
411,2026-09-19 21:13:20,2026-09-19T21:13:20.180567,432.9,tomato,ROTTEN,29.81,94.29,950.61,24885,16617,114,1,1
412,2026-09-19 21:13:21,2026-09-19T21:13:21.236073,434.0,tomato,ROTTEN,29.81,94.3,950.58,24881,16627,114,1,1
413,2026-09-19 21:13:22,2026-09-19T21:13:22.290853,435.0,tomato,ROTTEN,29.81,94.29,950.6,24865,16619,114,1,1
414,2026-09-19 21:13:23,2026-09-19T21:13:23.345607,436.1,tomato,ROTTEN,29.82,94.33,950.62,24887,16624,113,1,1
415,2026-09-19 21:13:24,2026-09-19T21:13:24.400974,437.1,tomato,ROTTEN,29.81,94.33,950.62,24879,16622,113,1,1
416,2026-09-19 21:13:25,2026-09-19T21:13:25.455753,438.2,tomato,ROTTEN,29.82,94.35,950.62,24880,16624,113,1,1
417,2026-09-19 21:13:26,2026-09-19T21:13:26.510863,439.2,tomato,ROTTEN,29.82,94.37,950.63,24876,16628,113,1,1
418,2026-09-19 21:13:27,2026-09-19T21:13:27.566028,440.3,tomato,ROTTEN,29.82,94.39,950.63,24879,16625,113,1,1
419,2026-09-19 21:13:28,2026-09-19T21:13:28.621237,441.3,tomato,ROTTEN,29.81,94.41,950.64,24879,16625,112,1,1
420,2026-09-19 21:13:29,2026-09-19T21:13:29.676011,442.4,tomato,ROTTEN,29.82,94.42,950.6,24876,16626,112,1,1
421,2026-09-19 21:13:30,2026-09-19T21:13:30.730462,443.5,tomato,ROTTEN,29.82,94.43,950.61,24868,16617,112,1,1
422,2026-09-19 21:13:31,2026-09-19T21:13:31.786122,444.5,tomato,ROTTEN,29.82,94.44,950.6,24875,16624,112,1,1
423,2026-09-19 21:13:32,2026-09-19T21:13:32.840954,445.6,tomato,ROTTEN,29.82,94.46,950.6,24862,16622,112,1,1
424,2026-09-19 21:13:33,2026-09-19T21:13:33.895690,446.6,tomato,ROTTEN,29.81,94.46,950.61,24882,16618,111,1,1
425,2026-09-19 21:13:34,2026-09-19T21:13:34.950781,447.7,tomato,ROTTEN,29.81,94.48,950.6,24874,16621,111,1,1
426,2026-09-19 21:13:36,2026-09-19T21:13:36.005502,448.7,tomato,ROTTEN,29.82,94.49,950.6,24874,16623,111,1,1
427,2026-09-19 21:13:37,2026-09-19T21:13:37.060539,449.8,tomato,ROTTEN,29.82,94.51,950.63,24864,16616,111,1,1
428,2026-09-19 21:13:38,2026-09-19T21:13:38.116071,450.8,tomato,ROTTEN,29.82,94.52,950.6,24864,16611,111,1,1
429,2026-09-19 21:13:39,2026-09-19T21:13:39.170558,451.9,tomato,ROTTEN,29.81,94.52,950.62,24859,16615,111,1,1
430,2026-09-19 21:13:40,2026-09-19T21:13:40.226013,453.0,tomato,ROTTEN,29.82,94.54,950.63,24861,16619,111,1,1
431,2026-09-19 21:13:41,2026-09-19T21:13:41.281054,454.0,tomato,ROTTEN,29.81,94.54,950.64,24860,16617,111,1,1
432,2026-09-19 21:13:42,2026-09-19T21:13:42.336074,455.1,tomato,ROTTEN,29.82,94.56,950.63,24863,16617,111,1,1
433,2026-09-19 21:13:43,2026-09-19T21:13:43.390998,456.1,tomato,ROTTEN,29.82,94.56,950.63,24858,16620,111,1,1
434,2026-09-19 21:13:44,2026-09-19T21:13:44.446110,457.2,tomato,ROTTEN,29.82,94.58,950.62,24851,16609,111,1,1
435,2026-09-19 21:13:45,2026-09-19T21:13:45.500744,458.2,tomato,ROTTEN,29.81,94.58,950.63,24861,16617,111,1,1
436,2026-09-19 21:13:46,2026-09-19T21:13:46.555971,459.3,tomato,ROTTEN,29.81,94.59,950.59,24858,16614,111,1,1
437,2026-09-19 21:13:47,2026-09-19T21:13:47.611407,460.3,tomato,ROTTEN,29.81,94.61,950.63,24850,16618,111,1,1
438,2026-09-19 21:13:48,2026-09-19T21:13:48.666002,461.4,tomato,ROTTEN,29.81,94.62,950.6,24850,16617,111,1,1
439,2026-09-19 21:13:49,2026-09-19T21:13:49.721062,462.4,tomato,ROTTEN,29.81,94.64,950.6,24854,16620,111,1,1
440,2026-09-19 21:13:50,2026-09-19T21:13:50.775961,463.5,tomato,ROTTEN,29.81,94.64,950.59,24841,16614,111,1,1
441,2026-09-19 21:13:51,2026-09-19T21:13:51.830984,464.6,tomato,ROTTEN,29.81,94.65,950.58,24842,16612,111,1,1
442,2026-09-19 21:13:52,2026-09-19T21:13:52.885492,465.6,tomato,ROTTEN,29.81,94.66,950.6,24835,16611,111,1,1
443,2026-09-19 21:13:53,2026-09-19T21:13:53.941041,466.7,tomato,ROTTEN,29.81,94.68,950.6,24846,16612,111,1,1
444,2026-09-19 21:13:54,2026-09-19T21:13:54.996292,467.7,tomato,ROTTEN,29.81,94.68,950.61,24844,16612,111,1,1
445,2026-09-19 21:13:56,2026-09-19T21:13:56.051227,468.8,tomato,ROTTEN,29.8,94.69,950.59,24831,16612,112,1,1
446,2026-09-19 21:13:57,2026-09-19T21:13:57.105972,469.8,tomato,ROTTEN,29.81,94.69,950.6,24833,16607,112,1,1
447,2026-09-19 21:13:58,2026-09-19T21:13:58.161264,470.9,tomato,ROTTEN,29.81,94.71,950.6,24840,16612,112,1,1
448,2026-09-19 21:13:59,2026-09-19T21:13:59.215580,471.9,tomato,ROTTEN,29.8,94.72,950.57,24833,16604,112,1,1
449,2026-09-19 21:14:00,2026-09-19T21:14:00.270795,473.0,tomato,ROTTEN,29.81,94.72,950.59,24829,16603,112,1,1
450,2026-09-19 21:14:01,2026-09-19T21:14:01.325332,474.1,tomato,ROTTEN,29.8,94.75,950.61,24837,16611,112,1,1
451,2026-09-19 21:14:02,2026-09-19T21:14:02.381193,475.1,tomato,ROTTEN,29.8,94.75,950.58,24839,16609,112,1,1
452,2026-09-19 21:14:03,2026-09-19T21:14:03.436147,476.2,tomato,ROTTEN,29.8,94.75,950.61,24827,16607,112,1,1
453,2026-09-19 21:14:04,2026-09-19T21:14:04.490976,477.2,tomato,ROTTEN,29.8,94.76,950.6,24831,16607,112,1,1
454,2026-09-19 21:14:05,2026-09-19T21:14:05.545646,478.3,tomato,ROTTEN,29.8,94.76,950.6,24821,16611,112,1,1
455,2026-09-19 21:14:06,2026-09-19T21:14:06.600660,479.3,tomato,ROTTEN,29.8,94.77,950.6,24836,16604,112,1,1
456,2026-09-19 21:14:07,2026-09-19T21:14:07.655710,480.4,tomato,ROTTEN,29.8,94.76,950.6,24820,16604,112,1,1
457,2026-09-19 21:14:08,2026-09-19T21:14:08.711361,481.4,tomato,ROTTEN,29.8,94.76,950.59,24819,16600,112,1,1
458,2026-09-19 21:14:09,2026-09-19T21:14:09.765981,482.5,tomato,ROTTEN,29.79,94.75,950.6,24820,16600,112,1,1
459,2026-09-19 21:14:10,2026-09-19T21:14:10.821029,483.5,tomato,ROTTEN,29.79,94.75,950.59,24826,16597,112,1,1
460,2026-09-19 21:14:11,2026-09-19T21:14:11.876008,484.6,tomato,ROTTEN,29.79,94.74,950.6,24831,16600,112,1,1
461,2026-09-19 21:14:12,2026-09-19T21:14:12.930711,485.7,tomato,ROTTEN,29.79,94.74,950.62,24827,16603,112,1,1
462,2026-09-19 21:14:13,2026-09-19T21:14:13.985777,486.7,tomato,ROTTEN,29.79,94.75,950.6,24823,16595,112,1,1
463,2026-09-19 21:14:15,2026-09-19T21:14:15.040995,487.8,tomato,ROTTEN,29.78,94.75,950.62,24821,16596,112,1,1
464,2026-09-19 21:14:16,2026-09-19T21:14:16.096009,488.8,tomato,ROTTEN,29.78,94.75,950.58,24817,16593,112,1,1
465,2026-09-19 21:14:17,2026-09-19T21:14:17.150534,489.9,tomato,ROTTEN,29.78,94.75,950.57,24817,16597,112,1,1
466,2026-09-19 21:14:18,2026-09-19T21:14:18.205952,490.9,tomato,ROTTEN,29.78,94.75,950.61,24814,16598,112,1,1
467,2026-09-19 21:14:19,2026-09-19T21:14:19.261518,492.0,tomato,ROTTEN,29.78,94.76,950.63,24814,16601,112,1,1
468,2026-09-19 21:14:20,2026-09-19T21:14:20.315963,493.0,tomato,ROTTEN,29.78,94.76,950.59,24817,16589,112,1,1
469,2026-09-19 21:14:21,2026-09-19T21:14:21.370575,494.1,tomato,ROTTEN,29.78,94.78,950.6,24823,16586,111,1,1
470,2026-09-19 21:14:22,2026-09-19T21:14:22.425997,495.2,tomato,ROTTEN,29.78,94.78,950.59,24821,16593,111,1,1
471,2026-09-19 21:14:23,2026-09-19T21:14:23.480948,496.2,tomato,ROTTEN,29.78,94.8,950.6,24810,16594,111,1,1
472,2026-09-19 21:14:24,2026-09-19T21:14:24.536110,497.3,tomato,ROTTEN,29.78,94.79,950.61,24817,16593,111,1,1
473,2026-09-19 21:14:25,2026-09-19T21:14:25.590741,498.3,tomato,ROTTEN,29.78,94.81,950.61,24801,16592,111,1,1
474,2026-09-19 21:14:26,2026-09-19T21:14:26.645583,499.4,tomato,ROTTEN,29.78,94.81,950.6,24807,16592,111,1,1
475,2026-09-19 21:14:27,2026-09-19T21:14:27.701085,500.4,tomato,ROTTEN,29.78,94.81,950.61,24816,16589,111,1,1
476,2026-09-19 21:14:28,2026-09-19T21:14:28.755614,501.5,tomato,ROTTEN,29.78,94.82,950.58,24802,16591,111,1,1
477,2026-09-19 21:14:29,2026-09-19T21:14:29.810650,502.5,tomato,ROTTEN,29.78,94.84,950.6,24801,16592,111,1,1
478,2026-09-19 21:14:30,2026-09-19T21:14:30.866015,503.6,tomato,ROTTEN,29.78,94.85,950.63,24793,16587,112,1,1
479,2026-09-19 21:14:31,2026-09-19T21:14:31.921046,504.6,tomato,ROTTEN,29.78,94.86,950.62,24797,16588,112,1,1
480,2026-09-19 21:14:32,2026-09-19T21:14:32.976016,505.7,tomato,ROTTEN,29.78,94.86,950.62,24795,16582,112,1,1
481,2026-09-19 21:14:34,2026-09-19T21:14:34.030974,506.8,tomato,ROTTEN,29.78,94.87,950.59,24802,16582,112,1,1
482,2026-09-19 21:14:35,2026-09-19T21:14:35.086124,507.8,tomato,ROTTEN,29.78,94.88,950.59,24801,16585,112,1,1
483,2026-09-19 21:14:36,2026-09-19T21:14:36.140499,508.9,tomato,ROTTEN,29.78,94.89,950.6,24810,16586,111,1,1
484,2026-09-19 21:14:37,2026-09-19T21:14:37.195866,509.9,tomato,ROTTEN,29.78,94.92,950.6,24793,16582,111,1,1
485,2026-09-19 21:14:38,2026-09-19T21:14:38.250835,511.0,tomato,ROTTEN,29.78,94.91,950.62,24800,16587,111,1,1
486,2026-09-19 21:14:39,2026-09-19T21:14:39.305683,512.0,tomato,ROTTEN,29.79,94.93,950.6,24796,16588,111,1,1
487,2026-09-19 21:14:40,2026-09-19T21:14:40.361316,513.1,tomato,ROTTEN,29.78,94.94,950.61,24794,16581,111,1,1
488,2026-09-19 21:14:41,2026-09-19T21:14:41.415965,514.1,tomato,ROTTEN,29.78,94.95,950.61,24791,16588,111,1,1
489,2026-09-19 21:14:42,2026-09-19T21:14:42.471651,515.2,tomato,ROTTEN,29.78,94.98,950.61,24785,16587,111,1,1
490,2026-09-19 21:14:43,2026-09-19T21:14:43.525965,516.3,tomato,ROTTEN,29.79,94.98,950.61,24789,16583,111,1,1
491,2026-09-19 21:14:44,2026-09-19T21:14:44.580871,517.3,tomato,ROTTEN,29.79,94.99,950.6,24785,16584,111,1,1
492,2026-09-19 21:14:45,2026-09-19T21:14:45.636193,518.4,tomato,ROTTEN,29.79,95.0,950.61,24796,16586,111,1,1
493,2026-09-19 21:14:46,2026-09-19T21:14:46.690672,519.4,tomato,ROTTEN,29.79,95.01,950.63,24795,16582,111,1,1
494,2026-09-19 21:14:47,2026-09-19T21:14:47.745944,520.5,tomato,ROTTEN,29.79,95.0,950.61,24784,16583,111,1,1
495,2026-09-19 21:14:48,2026-09-19T21:14:48.801061,521.5,tomato,ROTTEN,29.79,95.03,950.61,24783,16585,111,1,1
496,2026-09-19 21:14:49,2026-09-19T21:14:49.855563,522.6,tomato,ROTTEN,29.78,95.05,950.62,24783,16583,111,1,1
497,2026-09-19 21:14:50,2026-09-19T21:14:50.911643,523.6,tomato,ROTTEN,29.79,95.05,950.62,24790,16584,111,1,1
498,2026-09-19 21:14:51,2026-09-19T21:14:51.965924,524.7,tomato,ROTTEN,29.79,95.06,950.6,24785,16579,111,1,1
499,2026-09-19 21:14:53,2026-09-19T21:14:53.021021,525.7,tomato,ROTTEN,29.78,95.08,950.62,24795,16582,111,1,1
500,2026-09-19 21:14:54,2026-09-19T21:14:54.075996,526.8,tomato,ROTTEN,29.78,95.08,950.63,24784,16580,110,1,1
501,2026-09-19 21:14:55,2026-09-19T21:14:55.130620,527.9,tomato,ROTTEN,29.79,95.1,950.58,24776,16582,111,1,1
502,2026-09-19 21:14:56,2026-09-19T21:14:56.186194,528.9,tomato,ROTTEN,29.79,95.11,950.6,24765,16582,111,1,1
503,2026-09-19 21:14:57,2026-09-19T21:14:57.241004,530.0,tomato,ROTTEN,29.79,95.11,950.64,24770,16577,111,1,1
504,2026-09-19 21:14:58,2026-09-19T21:14:58.295958,531.0,tomato,ROTTEN,29.79,95.12,950.6,24781,16573,111,1,1
505,2026-09-19 21:14:59,2026-09-19T21:14:59.351177,532.1,tomato,ROTTEN,29.79,95.13,950.62,24779,16580,111,1,1
506,2026-09-19 21:15:00,2026-09-19T21:15:00.406008,533.1,tomato,ROTTEN,29.78,95.13,950.61,24770,16580,111,1,1
507,2026-09-19 21:15:01,2026-09-19T21:15:01.461327,534.2,tomato,ROTTEN,29.79,95.14,950.63,24768,16581,111,1,1
508,2026-09-19 21:15:02,2026-09-19T21:15:02.516002,535.2,tomato,ROTTEN,29.79,95.13,950.62,24768,16576,111,1,1
509,2026-09-19 21:15:03,2026-09-19T21:15:03.571060,536.3,tomato,ROTTEN,29.78,95.16,950.61,24775,16575,111,1,1
510,2026-09-19 21:15:04,2026-09-19T21:15:04.625459,537.4,tomato,ROTTEN,29.78,95.17,950.61,24764,16569,111,1,1
511,2026-09-19 21:15:05,2026-09-19T21:15:05.680966,538.4,tomato,ROTTEN,29.78,95.16,950.62,24774,16570,111,1,1
512,2026-09-19 21:15:06,2026-09-19T21:15:06.735600,539.5,tomato,ROTTEN,29.78,95.19,950.61,24764,16580,111,1,1
513,2026-09-19 21:15:07,2026-09-19T21:15:07.790932,540.5,tomato,ROTTEN,29.78,95.19,950.61,24761,16571,111,1,1
514,2026-09-19 21:15:08,2026-09-19T21:15:08.845981,541.6,tomato,ROTTEN,29.77,95.19,950.58,24769,16574,111,1,1
515,2026-09-19 21:15:09,2026-09-19T21:15:09.901020,542.6,tomato,ROTTEN,29.78,95.2,950.63,24763,16573,111,1,1
516,2026-09-19 21:15:10,2026-09-19T21:15:10.955709,543.7,tomato,ROTTEN,29.77,95.2,950.62,24765,16566,111,1,1
517,2026-09-19 21:15:12,2026-09-19T21:15:12.010623,544.7,tomato,ROTTEN,29.77,95.23,950.64,24758,16573,111,1,1
518,2026-09-19 21:15:13,2026-09-19T21:15:13.065580,545.8,tomato,ROTTEN,29.77,95.23,950.58,24761,16575,111,1,1
519,2026-09-19 21:15:14,2026-09-19T21:15:14.121250,546.8,tomato,ROTTEN,29.78,95.24,950.6,24762,16571,111,1,1
520,2026-09-19 21:15:15,2026-09-19T21:15:15.175916,547.9,tomato,ROTTEN,29.77,95.25,950.6,24756,16576,111,1,1
521,2026-09-19 21:15:16,2026-09-19T21:15:16.231614,549.0,tomato,ROTTEN,29.77,95.25,950.62,24761,16572,111,1,1
522,2026-09-19 21:15:17,2026-09-19T21:15:17.286289,550.0,tomato,ROTTEN,29.77,95.27,950.59,24748,16575,111,1,1
523,2026-09-19 21:15:18,2026-09-19T21:15:18.340949,551.1,tomato,ROTTEN,29.78,95.27,950.62,24761,16573,111,1,1
524,2026-09-19 21:15:19,2026-09-19T21:15:19.395983,552.1,tomato,ROTTEN,29.78,95.29,950.61,24755,16577,111,1,1
525,2026-09-19 21:15:20,2026-09-19T21:15:20.451060,553.2,tomato,ROTTEN,29.77,95.3,950.62,24741,16573,111,1,1
526,2026-09-19 21:15:21,2026-09-19T21:15:21.505988,554.2,tomato,ROTTEN,29.77,95.31,950.58,24748,16571,111,1,1
527,2026-09-19 21:15:22,2026-09-19T21:15:22.560459,555.3,tomato,ROTTEN,29.77,95.32,950.6,24758,16568,111,1,1
528,2026-09-19 21:15:23,2026-09-19T21:15:23.615929,556.3,tomato,ROTTEN,29.77,95.33,950.63,24750,16575,111,1,1
529,2026-09-19 21:15:24,2026-09-19T21:15:24.670934,557.4,tomato,ROTTEN,29.77,95.34,950.59,24753,16568,111,1,1
530,2026-09-19 21:15:25,2026-09-19T21:15:25.725672,558.5,tomato,ROTTEN,29.78,95.34,950.62,24752,16571,111,1,1
531,2026-09-19 21:15:26,2026-09-19T21:15:26.780636,559.5,tomato,ROTTEN,29.77,95.36,950.6,24743,16562,111,1,1
532,2026-09-19 21:15:27,2026-09-19T21:15:27.836167,560.6,tomato,ROTTEN,29.77,95.38,950.62,24757,16569,110,1,1
533,2026-09-19 21:15:28,2026-09-19T21:15:28.890971,561.6,tomato,ROTTEN,29.77,95.38,950.61,24759,16568,110,1,1
534,2026-09-19 21:15:29,2026-09-19T21:15:29.945672,562.7,tomato,ROTTEN,29.77,95.38,950.61,24752,16564,110,1,1
535,2026-09-19 21:15:31,2026-09-19T21:15:31.000570,563.7,tomato,ROTTEN,29.77,95.38,950.62,24741,16566,110,1,1
536,2026-09-19 21:15:32,2026-09-19T21:15:32.055930,564.8,tomato,ROTTEN,29.77,95.4,950.61,24743,16567,110,1,1
537,2026-09-19 21:15:33,2026-09-19T21:15:33.111272,565.8,tomato,ROTTEN,29.77,95.41,950.61,24752,16561,110,1,1
538,2026-09-19 21:15:34,2026-09-19T21:15:34.165627,566.9,tomato,ROTTEN,29.77,95.41,950.6,24741,16567,110,1,1
539,2026-09-19 21:15:35,2026-09-19T21:15:35.220990,567.9,tomato,ROTTEN,29.77,95.43,950.61,24749,16563,110,1,1
540,2026-09-19 21:15:36,2026-09-19T21:15:36.275834,569.0,tomato,ROTTEN,29.76,95.45,950.59,24733,16563,110,1,1
541,2026-09-19 21:15:37,2026-09-19T21:15:37.330991,570.1,tomato,ROTTEN,29.77,95.45,950.6,24736,16563,110,1,1
542,2026-09-19 21:15:38,2026-09-19T21:15:38.385902,571.1,tomato,ROTTEN,29.77,95.46,950.56,24741,16570,110,1,1
543,2026-09-19 21:15:39,2026-09-19T21:15:39.440664,572.2,tomato,ROTTEN,29.76,95.48,950.58,24746,16561,110,1,1
544,2026-09-19 21:15:40,2026-09-19T21:15:40.495781,573.2,tomato,ROTTEN,29.77,95.49,950.6,24739,16560,110,1,1
545,2026-09-19 21:15:41,2026-09-19T21:15:41.550540,574.3,tomato,ROTTEN,29.77,95.5,950.6,24735,16554,110,1,1
546,2026-09-19 21:15:42,2026-09-19T21:15:42.605990,575.3,tomato,ROTTEN,29.77,95.52,950.6,24742,16563,110,1,1
547,2026-09-19 21:15:43,2026-09-19T21:15:43.660974,576.4,tomato,ROTTEN,29.77,95.52,950.62,24748,16562,109,1,1
548,2026-09-19 21:15:44,2026-09-19T21:15:44.715853,577.4,tomato,ROTTEN,29.77,95.52,950.61,24733,16557,109,1,1
549,2026-09-19 21:15:45,2026-09-19T21:15:45.770682,578.5,tomato,ROTTEN,29.77,95.54,950.62,24737,16560,109,1,1
550,2026-09-19 21:15:46,2026-09-19T21:15:46.826104,579.6,tomato,ROTTEN,29.77,95.56,950.64,24739,16559,109,1,1
551,2026-09-19 21:15:47,2026-09-19T21:15:47.880625,580.6,tomato,ROTTEN,29.77,95.57,950.6,24730,16559,109,1,1
552,2026-09-19 21:15:48,2026-09-19T21:15:48.936752,581.7,tomato,ROTTEN,29.77,95.58,950.61,24738,16560,109,1,1
553,2026-09-19 21:15:49,2026-09-19T21:15:49.990781,582.7,tomato,ROTTEN,29.78,95.59,950.64,24750,16567,109,1,1
554,2026-09-19 21:15:51,2026-09-19T21:15:51.045680,583.8,tomato,ROTTEN,29.77,95.6,950.6,24739,16558,109,1,1
555,2026-09-19 21:15:52,2026-09-19T21:15:52.101064,584.8,tomato,ROTTEN,29.77,95.62,950.62,24745,16560,108,1,1
556,2026-09-19 21:15:53,2026-09-19T21:15:53.155634,585.9,tomato,ROTTEN,29.77,95.63,950.59,24734,16564,108,1,1
557,2026-09-19 21:15:54,2026-09-19T21:15:54.211329,586.9,tomato,ROTTEN,29.77,95.62,950.59,24738,16564,108,1,1
558,2026-09-19 21:15:55,2026-09-19T21:15:55.266002,588.0,tomato,ROTTEN,29.77,95.64,950.59,24742,16563,108,1,1
559,2026-09-19 21:15:56,2026-09-19T21:15:56.321003,589.0,tomato,ROTTEN,29.77,95.65,950.62,24730,16563,108,1,1
560,2026-09-19 21:15:57,2026-09-19T21:15:57.375951,590.1,tomato,ROTTEN,29.77,95.66,950.6,24733,16557,108,1,1
561,2026-09-19 21:15:58,2026-09-19T21:15:58.430601,591.2,tomato,ROTTEN,29.77,95.67,950.61,24730,16562,108,1,1
562,2026-09-19 21:15:59,2026-09-19T21:15:59.485788,592.2,tomato,ROTTEN,29.77,95.68,950.59,24731,16556,108,1,1
563,2026-09-19 21:16:00,2026-09-19T21:16:00.541094,593.3,tomato,ROTTEN,29.76,95.7,950.59,24725,16557,108,1,1
564,2026-09-19 21:16:01,2026-09-19T21:16:01.595943,594.3,tomato,ROTTEN,29.77,95.7,950.62,24732,16562,108,1,1
565,2026-09-19 21:16:02,2026-09-19T21:16:02.650503,595.4,tomato,ROTTEN,29.76,95.72,950.64,24722,16559,108,1,1
566,2026-09-19 21:16:03,2026-09-19T21:16:03.705967,596.4,tomato,ROTTEN,29.77,95.73,950.62,24730,16564,108,1,1
567,2026-09-19 21:16:04,2026-09-19T21:16:04.761101,597.5,tomato,ROTTEN,29.77,95.73,950.61,24724,16553,108,1,1
568,2026-09-19 21:16:05,2026-09-19T21:16:05.815932,598.5,tomato,ROTTEN,29.77,95.75,950.6,24723,16563,108,1,1
569,2026-09-19 21:16:06,2026-09-19T21:16:06.871021,599.6,tomato,ROTTEN,29.76,95.74,950.6,24717,16558,108,1,1
570,2026-09-19 21:16:07,2026-09-19T21:16:07.925615,600.7,tomato,ROTTEN,29.77,95.77,950.62,24719,16556,108,1,1
571,2026-09-19 21:16:08,2026-09-19T21:16:08.980966,601.7,tomato,ROTTEN,29.77,95.76,950.63,24730,16555,108,1,1
572,2026-09-19 21:16:10,2026-09-19T21:16:10.036646,602.8,tomato,ROTTEN,29.76,95.77,950.62,24732,16559,108,1,1
573,2026-09-19 21:16:11,2026-09-19T21:16:11.090927,603.8,tomato,ROTTEN,29.76,95.77,950.6,24711,16558,108,1,1
574,2026-09-19 21:16:12,2026-09-19T21:16:12.145700,604.9,tomato,ROTTEN,29.76,95.79,950.63,24727,16555,108,1,1
575,2026-09-19 21:16:13,2026-09-19T21:16:13.201031,605.9,tomato,ROTTEN,29.76,95.77,950.62,24714,16556,108,1,1
576,2026-09-19 21:16:14,2026-09-19T21:16:14.255427,607.0,tomato,ROTTEN,29.76,95.79,950.63,24709,16558,108,1,1
577,2026-09-19 21:16:15,2026-09-19T21:16:15.310447,608.0,tomato,ROTTEN,29.76,95.8,950.6,24714,16558,108,1,1
578,2026-09-19 21:16:16,2026-09-19T21:16:16.365884,609.1,tomato,ROTTEN,29.76,95.81,950.6,24711,16551,108,1,1
579,2026-09-19 21:16:17,2026-09-19T21:16:17.421002,610.1,tomato,ROTTEN,29.77,95.8,950.62,24710,16556,108,1,1
580,2026-09-19 21:16:18,2026-09-19T21:16:18.475966,611.2,tomato,ROTTEN,29.77,95.84,950.61,24715,16554,108,1,1
581,2026-09-19 21:16:19,2026-09-19T21:16:19.530963,612.3,tomato,ROTTEN,29.76,95.85,950.63,24723,16556,108,1,1
582,2026-09-19 21:16:20,2026-09-19T21:16:20.585503,613.3,tomato,ROTTEN,29.76,95.86,950.59,24723,16558,108,1,1
583,2026-09-19 21:16:21,2026-09-19T21:16:21.640651,614.4,tomato,ROTTEN,29.76,95.87,950.61,24713,16549,108,1,1
584,2026-09-19 21:16:22,2026-09-19T21:16:22.695917,615.4,tomato,ROTTEN,29.76,95.89,950.63,24712,16553,108,1,1
585,2026-09-19 21:16:23,2026-09-19T21:16:23.751372,616.5,tomato,ROTTEN,29.77,95.9,950.62,24712,16554,108,1,1
586,2026-09-19 21:16:24,2026-09-19T21:16:24.805889,617.5,tomato,ROTTEN,29.76,95.91,950.62,24714,16554,108,1,1
587,2026-09-19 21:16:25,2026-09-19T21:16:25.860717,618.6,tomato,ROTTEN,29.77,95.94,950.63,24716,16557,107,1,1
588,2026-09-19 21:16:26,2026-09-19T21:16:26.915835,619.6,tomato,ROTTEN,29.76,95.96,950.64,24710,16551,107,1,1
589,2026-09-19 21:16:27,2026-09-19T21:16:27.970756,620.7,tomato,ROTTEN,29.76,95.95,950.61,24715,16556,107,1,1
590,2026-09-19 21:16:29,2026-09-19T21:16:29.025607,621.8,tomato,ROTTEN,29.76,95.98,950.61,24700,16556,108,1,1
591,2026-09-19 21:16:30,2026-09-19T21:16:30.080359,622.8,tomato,ROTTEN,29.76,95.98,950.62,24711,16555,107,1,1
592,2026-09-19 21:16:31,2026-09-19T21:16:31.135499,623.9,tomato,ROTTEN,29.77,96.01,950.64,24712,16560,107,1,1
593,2026-09-19 21:16:32,2026-09-19T21:16:32.190922,624.9,tomato,ROTTEN,29.76,96.02,950.63,24694,16554,108,1,1
594,2026-09-19 21:16:33,2026-09-19T21:16:33.245895,626.0,tomato,ROTTEN,29.77,96.0,950.61,24702,16554,108,1,1
595,2026-09-19 21:16:34,2026-09-19T21:16:34.300678,627.0,tomato,ROTTEN,29.76,96.04,950.63,24698,16554,108,1,1
596,2026-09-19 21:16:35,2026-09-19T21:16:35.355915,628.1,tomato,ROTTEN,29.76,96.04,950.61,24706,16556,108,1,1
597,2026-09-19 21:16:36,2026-09-19T21:16:36.410831,629.1,tomato,ROTTEN,29.76,96.05,950.62,24698,16553,108,1,1
598,2026-09-19 21:16:37,2026-09-19T21:16:37.465901,630.2,tomato,ROTTEN,29.76,96.05,950.63,24705,16547,108,1,1
599,2026-09-19 21:16:38,2026-09-19T21:16:38.520880,631.2,tomato,ROTTEN,29.76,96.05,950.59,24709,16552,108,1,1
600,2026-09-19 21:16:39,2026-09-19T21:16:39.575879,632.3,tomato,ROTTEN,29.76,96.06,950.61,24707,16551,107,1,1
601,2026-09-19 21:16:40,2026-09-19T21:16:40.630339,633.4,tomato,ROTTEN,29.76,96.05,950.64,24697,16547,107,1,1
602,2026-09-19 21:16:41,2026-09-19T21:16:41.685681,634.4,tomato,ROTTEN,29.76,96.06,950.63,24699,16544,107,1,1
603,2026-09-19 21:16:42,2026-09-19T21:16:42.740943,635.5,tomato,ROTTEN,29.76,96.06,950.62,24698,16547,107,1,1
604,2026-09-19 21:16:43,2026-09-19T21:16:43.795521,636.5,tomato,ROTTEN,29.75,96.06,950.64,24700,16550,107,1,1
605,2026-09-19 21:16:44,2026-09-19T21:16:44.850933,637.6,tomato,ROTTEN,29.75,96.06,950.62,24700,16546,107,1,1
606,2026-09-19 21:16:45,2026-09-19T21:16:45.905878,638.6,tomato,ROTTEN,29.75,96.07,950.61,24707,16540,107,1,1
607,2026-09-19 21:16:46,2026-09-19T21:16:46.960904,639.7,tomato,ROTTEN,29.74,96.08,950.61,24702,16546,107,1,1
608,2026-09-19 21:16:48,2026-09-19T21:16:48.015666,640.7,tomato,ROTTEN,29.74,96.08,950.61,24700,16545,107,1,1
609,2026-09-19 21:16:49,2026-09-19T21:16:49.070675,641.8,tomato,ROTTEN,29.74,96.08,950.6,24708,16543,107,1,1
610,2026-09-19 21:16:50,2026-09-19T21:16:50.125745,642.9,tomato,ROTTEN,29.74,96.08,950.62,24699,16546,107,1,1
611,2026-09-19 21:16:51,2026-09-19T21:16:51.180401,643.9,tomato,ROTTEN,29.74,96.1,950.61,24695,16540,107,1,1
612,2026-09-19 21:16:52,2026-09-19T21:16:52.235775,645.0,tomato,ROTTEN,29.74,96.1,950.63,24688,16543,107,1,1
613,2026-09-19 21:16:53,2026-09-19T21:16:53.290771,646.0,tomato,ROTTEN,29.74,96.1,950.61,24698,16546,107,1,1
614,2026-09-19 21:16:54,2026-09-19T21:16:54.345934,647.1,tomato,ROTTEN,29.74,96.11,950.62,24691,16538,107,1,1
615,2026-09-19 21:16:55,2026-09-19T21:16:55.401032,648.1,tomato,ROTTEN,29.74,96.12,950.62,24693,16545,107,1,1
616,2026-09-19 21:16:56,2026-09-19T21:16:56.455888,649.2,tomato,ROTTEN,29.74,96.11,950.58,24693,16542,107,1,1
617,2026-09-19 21:16:57,2026-09-19T21:16:57.510804,650.2,tomato,ROTTEN,29.74,96.12,950.61,24695,16539,107,1,1
618,2026-09-19 21:16:58,2026-09-19T21:16:58.565891,651.3,tomato,ROTTEN,29.74,96.11,950.61,24681,16538,107,1,1
619,2026-09-19 21:16:59,2026-09-19T21:16:59.620886,652.3,tomato,ROTTEN,29.74,96.12,950.61,24685,16542,107,1,1
620,2026-09-19 21:17:00,2026-09-19T21:17:00.675901,653.4,tomato,ROTTEN,29.74,96.13,950.64,24681,16537,107,1,1
621,2026-09-19 21:17:01,2026-09-19T21:17:01.730384,654.5,tomato,ROTTEN,29.74,96.13,950.6,24693,16543,107,1,1
622,2026-09-19 21:17:02,2026-09-19T21:17:02.785311,655.5,tomato,ROTTEN,29.74,96.12,950.61,24681,16541,107,1,1
623,2026-09-19 21:17:03,2026-09-19T21:17:03.840888,656.6,tomato,ROTTEN,29.74,96.13,950.62,24682,16538,107,1,1
624,2026-09-19 21:17:04,2026-09-19T21:17:04.895895,657.6,tomato,ROTTEN,29.74,96.13,950.61,24674,16539,107,1,1
625,2026-09-19 21:17:05,2026-09-19T21:17:05.950564,658.7,tomato,ROTTEN,29.74,96.12,950.61,24684,16541,107,1,1
626,2026-09-19 21:17:07,2026-09-19T21:17:07.005434,659.7,tomato,ROTTEN,29.73,96.14,950.62,24685,16536,107,1,1
627,2026-09-19 21:17:08,2026-09-19T21:17:08.060619,660.8,tomato,ROTTEN,29.73,96.14,950.62,24686,16543,107,1,1
628,2026-09-19 21:17:09,2026-09-19T21:17:09.115600,661.8,tomato,ROTTEN,29.73,96.12,950.62,24684,16537,107,1,1
629,2026-09-19 21:17:10,2026-09-19T21:17:10.170893,662.9,tomato,ROTTEN,29.74,96.14,950.66,24686,16536,107,1,1
630,2026-09-19 21:17:11,2026-09-19T21:17:11.225923,664.0,tomato,ROTTEN,29.73,96.13,950.62,24683,16532,107,1,1
631,2026-09-19 21:17:12,2026-09-19T21:17:12.280949,665.0,tomato,ROTTEN,29.73,96.14,950.63,24678,16535,107,1,1
632,2026-09-19 21:17:13,2026-09-19T21:17:13.336652,666.1,tomato,ROTTEN,29.73,96.13,950.63,24672,16532,107,1,1
633,2026-09-19 21:17:14,2026-09-19T21:17:14.390915,667.1,tomato,ROTTEN,29.73,96.13,950.66,24680,16537,107,1,1
634,2026-09-19 21:17:15,2026-09-19T21:17:15.445874,668.2,tomato,ROTTEN,29.73,96.13,950.63,24673,16531,107,1,1
635,2026-09-19 21:17:16,2026-09-19T21:17:16.500824,669.2,tomato,ROTTEN,29.73,96.13,950.62,24670,16535,107,1,1
636,2026-09-19 21:17:17,2026-09-19T21:17:17.555187,670.3,tomato,ROTTEN,29.72,96.14,950.61,24677,16536,107,1,1
637,2026-09-19 21:17:18,2026-09-19T21:17:18.610312,671.3,tomato,ROTTEN,29.73,96.14,950.63,24674,16533,107,1,1
638,2026-09-19 21:17:19,2026-09-19T21:17:19.665579,672.4,tomato,ROTTEN,29.73,96.16,950.63,24668,16536,107,1,1
639,2026-09-19 21:17:20,2026-09-19T21:17:20.720520,673.4,tomato,ROTTEN,29.73,96.15,950.62,24680,16532,107,1,1
640,2026-09-19 21:17:21,2026-09-19T21:17:21.775904,674.5,tomato,ROTTEN,29.73,96.15,950.63,24681,16533,107,1,1
641,2026-09-19 21:17:22,2026-09-19T21:17:22.830418,675.6,tomato,ROTTEN,29.73,96.15,950.63,24672,16528,107,1,1
642,2026-09-19 21:17:23,2026-09-19T21:17:23.885366,676.6,tomato,ROTTEN,29.73,96.15,950.63,24661,16528,107,1,1
643,2026-09-19 21:17:24,2026-09-19T21:17:24.941317,677.7,tomato,ROTTEN,29.72,96.15,950.61,24677,16526,107,1,1
644,2026-09-19 21:17:25,2026-09-19T21:17:25.995587,678.7,tomato,ROTTEN,29.73,96.15,950.63,24671,16534,107,1,1
645,2026-09-19 21:17:27,2026-09-19T21:17:27.050742,679.8,tomato,ROTTEN,29.73,96.16,950.61,24662,16527,107,1,1
646,2026-09-19 21:17:28,2026-09-19T21:17:28.105601,680.8,tomato,ROTTEN,29.73,96.15,950.63,24665,16528,107,1,1
647,2026-09-19 21:17:29,2026-09-19T21:17:29.160521,681.9,tomato,ROTTEN,29.73,96.15,950.6,24659,16526,107,1,1
648,2026-09-19 21:17:30,2026-09-19T21:17:30.215399,682.9,tomato,ROTTEN,29.72,96.15,950.6,24657,16527,108,1,1
649,2026-09-19 21:17:31,2026-09-19T21:17:31.270626,684.0,tomato,ROTTEN,29.73,96.16,950.6,24654,16526,108,1,1
650,2026-09-19 21:17:32,2026-09-19T21:17:32.325903,685.1,tomato,ROTTEN,29.72,96.16,950.6,24658,16527,108,1,1
651,2026-09-19 21:17:33,2026-09-19T21:17:33.380861,686.1,tomato,ROTTEN,29.72,96.17,950.59,24664,16522,108,1,1
652,2026-09-19 21:17:34,2026-09-19T21:17:34.435250,687.2,tomato,ROTTEN,29.72,96.15,950.58,24666,16525,108,1,1
653,2026-09-19 21:17:35,2026-09-19T21:17:35.493325,688.2,tomato,ROTTEN,29.72,96.15,950.59,24658,16522,108,1,1
