device_id,food_type,temperature_c,humidity_pct,pressure_hpa,voc_raw,nox_raw,voc_index,nox_index,received_at
FreshTrace-Node-01,tomato,29.62,78.42,1013.25,31273,20347,0,0,2026-09-19T16:01:14.514095Z
FreshTrace-Node-01,tomato,29.63,78.43,1013.25,31285,20319,0,0,2026-09-19T16:01:15.514095Z
FreshTrace-Node-01,tomato,29.63,78.44,1013.25,31302,20284,0,0,2026-09-19T16:01:16.514095Z
FreshTrace-Node-01,tomato,29.64,78.44,1013.25,31305,20252,0,0,2026-09-19T16:01:17.514095Z
FreshTrace-Node-01,tomato,29.65,78.45,1013.25,31316,20226,0,0,2026-09-19T16:01:18.514095Z
FreshTrace-Node-01,tomato,29.65,78.45,1013.25,31323,20198,0,0,2026-09-19T16:01:19.514095Z
FreshTrace-Node-01,tomato,29.65,78.42,1013.25,31333,20163,0,0,2026-09-19T16:01:20.514095Z
FreshTrace-Node-01,tomato,29.66,78.39,1013.25,31327,20128,0,0,2026-09-19T16:01:21.514095Z
FreshTrace-Node-01,tomato,29.66,78.36,1013.25,31329,20108,0,0,2026-09-19T16:01:22.514095Z
FreshTrace-Node-01,tomato,29.67,78.3,1013.25,31338,20072,0,0,2026-09-19T16:01:23.514095Z
FreshTrace-Node-01,tomato,29.67,78.25,1013.25,31339,20046,0,0,2026-09-19T16:01:24.514095Z
FreshTrace-Node-01,tomato,29.67,78.21,1013.25,31342,20025,0,0,2026-09-19T16:01:25.514095Z
FreshTrace-Node-01,tomato,29.68,78.16,1013.25,31353,19990,0,0,2026-09-19T16:01:26.514095Z
FreshTrace-Node-01,tomato,29.68,78.15,1013.25,31358,19970,0,0,2026-09-19T16:01:27.514095Z
FreshTrace-Node-01,tomato,29.68,78.14,1013.25,31362,19941,0,0,2026-09-19T16:01:28.514095Z
FreshTrace-Node-01,tomato,29.69,78.14,1013.25,31369,19925,0,0,2026-09-19T16:01:29.514095Z
FreshTrace-Node-01,tomato,29.69,78.13,1013.25,31369,19889,0,0,2026-09-19T16:01:30.514095Z
FreshTrace-Node-01,tomato,29.7,78.09,1013.25,31370,19866,1,0,2026-09-19T16:01:31.514095Z
FreshTrace-Node-01,tomato,29.7,78.07,1013.25,31377,19846,1,0,2026-09-19T16:01:32.514095Z
FreshTrace-Node-01,tomato,29.7,78.05,1013.25,31381,19824,1,0,2026-09-19T16:01:33.514095Z
FreshTrace-Node-01,tomato,29.7,78.03,1013.25,31383,19800,3,0,2026-09-19T16:01:34.514095Z
FreshTrace-Node-01,tomato,29.71,78.01,1013.25,31381,19773,5,0,2026-09-19T16:01:35.514095Z
FreshTrace-Node-01,tomato,29.7,77.97,1013.25,31385,19758,8,0,2026-09-19T16:01:36.514095Z
FreshTrace-Node-01,tomato,29.71,77.96,1013.25,31401,19737,11,0,2026-09-19T16:01:37.514095Z
FreshTrace-Node-01,tomato,29.71,77.92,1013.25,31380,19716,15,0,2026-09-19T16:01:38.514095Z
FreshTrace-Node-01,tomato,29.72,77.89,1013.25,31389,19697,18,0,2026-09-19T16:01:39.514095Z
FreshTrace-Node-01,tomato,29.72,77.88,1013.25,31394,19673,22,0,2026-09-19T16:01:40.514095Z
FreshTrace-Node-01,tomato,29.72,77.86,1013.25,31388,19656,25,1,2026-09-19T16:01:41.514095Z
FreshTrace-Node-01,tomato,29.72,77.85,1013.25,31400,19634,28,1,2026-09-19T16:01:42.514095Z
FreshTrace-Node-01,tomato,29.73,77.82,1013.25,31410,19629,31,1,2026-09-19T16:01:43.514095Z
FreshTrace-Node-01,tomato,29.73,77.82,1013.25,31396,19603,34,1,2026-09-19T16:01:44.514095Z
FreshTrace-Node-01,tomato,29.73,77.8,1013.25,31402,19580,37,1,2026-09-19T16:01:45.514095Z
FreshTrace-Node-01,tomato,29.73,77.79,1013.25,31407,19562,39,1,2026-09-19T16:01:46.514095Z
FreshTrace-Node-01,tomato,29.74,77.79,1013.25,31410,19552,41,1,2026-09-19T16:01:47.514095Z
FreshTrace-Node-01,tomato,29.74,77.78,1013.25,31405,19530,44,1,2026-09-19T16:01:48.514095Z
FreshTrace-Node-01,tomato,29.74,77.77,1013.25,31402,19516,46,1,2026-09-19T16:01:49.514095Z
FreshTrace-Node-01,tomato,29.74,77.75,1013.25,31403,19497,48,1,2026-09-19T16:01:50.514095Z
FreshTrace-Node-01,tomato,29.75,77.74,1013.25,31408,19484,50,1,2026-09-19T16:01:51.514095Z
FreshTrace-Node-01,tomato,29.74,77.73,1013.25,31409,19461,52,1,2026-09-19T16:01:52.514095Z
FreshTrace-Node-01,tomato,29.75,77.71,1013.25,31409,19451,54,1,2026-09-19T16:01:53.514095Z
FreshTrace-Node-01,tomato,29.75,77.69,1013.25,31406,19433,56,1,2026-09-19T16:01:54.514095Z
FreshTrace-Node-01,tomato,29.75,77.65,1013.25,31415,19416,58,1,2026-09-19T16:01:55.514095Z
FreshTrace-Node-01,tomato,29.75,77.64,1013.25,31415,19402,59,1,2026-09-19T16:01:56.514095Z
FreshTrace-Node-01,tomato,29.75,77.63,1013.25,31413,19387,61,1,2026-09-19T16:01:57.514095Z
FreshTrace-Node-01,tomato,29.75,77.63,1013.25,31412,19369,62,1,2026-09-19T16:01:58.514095Z
FreshTrace-Node-01,tomato,29.76,77.61,1013.25,31413,19373,64,1,2026-09-19T16:01:59.514095Z
FreshTrace-Node-01,tomato,29.76,77.63,1013.25,31415,19346,65,1,2026-09-19T16:02:00.514095Z
FreshTrace-Node-01,tomato,29.76,77.63,1013.25,31420,19331,66,1,2026-09-19T16:02:01.514095Z
FreshTrace-Node-01,tomato,29.77,77.63,1013.25,31423,19321,67,1,2026-09-19T16:02:02.514095Z
FreshTrace-Node-01,tomato,29.77,77.62,1013.25,31414,19304,68,1,2026-09-19T16:02:03.514095Z
FreshTrace-Node-01,tomato,29.77,77.61,1013.25,31421,19300,70,1,2026-09-19T16:02:04.514095Z
FreshTrace-Node-01,tomato,29.77,77.61,1013.25,31413,19286,71,1,2026-09-19T16:02:05.514095Z
FreshTrace-Node-01,tomato,29.77,77.61,1013.25,31418,19273,72,1,2026-09-19T16:02:06.514095Z
FreshTrace-Node-01,tomato,29.78,77.62,1013.25,31423,19271,73,1,2026-09-19T16:02:07.514095Z
FreshTrace-Node-01,tomato,29.77,77.64,1013.25,31410,19248,74,1,2026-09-19T16:02:08.514095Z
FreshTrace-Node-01,tomato,29.78,77.64,1013.25,31416,19239,75,1,2026-09-19T16:02:09.514095Z
FreshTrace-Node-01,tomato,29.78,77.64,1013.25,31416,19221,76,1,2026-09-19T16:02:10.514095Z
FreshTrace-Node-01,tomato,29.78,77.64,1013.25,31415,19217,77,1,2026-09-19T16:02:11.514095Z
FreshTrace-Node-01,tomato,29.78,77.64,1013.25,31421,19202,77,1,2026-09-19T16:02:12.514095Z
FreshTrace-Node-01,tomato,29.79,77.58,1013.25,31416,19192,78,1,2026-09-19T16:02:13.514095Z
FreshTrace-Node-01,tomato,29.78,77.54,1013.25,31417,19189,79,1,2026-09-19T16:02:14.514095Z
FreshTrace-Node-01,tomato,29.78,77.5,1013.25,31409,19164,80,1,2026-09-19T16:02:15.514095Z
FreshTrace-Node-01,tomato,29.78,77.44,1013.25,31418,19153,81,1,2026-09-19T16:02:16.514095Z
FreshTrace-Node-01,tomato,29.79,77.38,1013.25,31427,19147,81,1,2026-09-19T16:02:17.514095Z
FreshTrace-Node-01,tomato,29.79,77.33,1013.25,31420,19132,82,1,2026-09-19T16:02:18.514095Z
FreshTrace-Node-01,tomato,29.79,77.27,1013.25,31432,19122,82,1,2026-09-19T16:02:19.514095Z
FreshTrace-Node-01,tomato,29.79,77.23,1013.25,31428,19110,83,1,2026-09-19T16:02:20.514095Z
FreshTrace-Node-01,tomato,29.79,77.17,1013.25,31432,19105,83,1,2026-09-19T16:02:21.514095Z
FreshTrace-Node-01,tomato,29.78,77.17,1013.25,31443,19104,83,1,2026-09-19T16:02:22.514095Z
FreshTrace-Node-01,tomato,29.79,77.14,1013.25,31443,19083,84,1,2026-09-19T16:02:23.514095Z
FreshTrace-Node-01,tomato,29.79,77.14,1013.25,31446,19074,84,1,2026-09-19T16:02:24.514095Z
FreshTrace-Node-01,tomato,29.79,77.13,1013.25,31445,19066,84,1,2026-09-19T16:02:25.514095Z
FreshTrace-Node-01,tomato,29.79,77.13,1013.25,31445,19063,84,1,2026-09-19T16:02:26.514095Z
FreshTrace-Node-01,tomato,29.79,77.13,1013.25,31449,19055,84,1,2026-09-19T16:02:27.514095Z
FreshTrace-Node-01,tomato,29.79,77.14,1013.25,31450,19051,84,1,2026-09-19T16:02:28.514095Z
FreshTrace-Node-01,tomato,29.79,77.13,1013.25,31443,19040,85,1,2026-09-19T16:02:29.514095Z
FreshTrace-Node-01,tomato,29.79,77.13,1013.25,31439,19031,85,1,2026-09-19T16:02:30.514095Z
FreshTrace-Node-01,tomato,29.79,77.12,1013.25,31443,19021,86,1,2026-09-19T16:02:31.514095Z
FreshTrace-Node-01,tomato,29.8,77.11,1013.25,31444,19015,86,1,2026-09-19T16:02:32.514095Z
FreshTrace-Node-01,tomato,29.79,77.1,1013.25,31451,19003,86,1,2026-09-19T16:02:33.514095Z
FreshTrace-Node-01,tomato,29.8,77.09,1013.25,31445,19000,86,1,2026-09-19T16:02:34.514095Z
FreshTrace-Node-01,tomato,29.8,77.09,1013.25,31438,18986,87,1,2026-09-19T16:02:35.514095Z
FreshTrace-Node-01,tomato,29.8,77.07,1013.25,31432,18982,87,1,2026-09-19T16:02:36.514095Z
FreshTrace-Node-01,tomato,29.8,77.07,1013.25,31451,18971,87,1,2026-09-19T16:02:37.514095Z
FreshTrace-Node-01,tomato,29.8,77.06,1013.25,31434,18963,88,1,2026-09-19T16:02:38.514095Z
FreshTrace-Node-01,tomato,29.8,77.08,1013.25,31437,18957,88,1,2026-09-19T16:02:39.514095Z
FreshTrace-Node-01,tomato,29.8,77.09,1013.25,31436,18949,89,1,2026-09-19T16:02:40.514095Z
FreshTrace-Node-01,tomato,29.8,77.09,1013.25,31437,18938,89,1,2026-09-19T16:02:41.514095Z
FreshTrace-Node-01,tomato,29.81,77.11,1013.25,31430,18941,90,1,2026-09-19T16:02:42.514095Z
FreshTrace-Node-01,tomato,29.8,77.11,1013.25,31433,18931,90,1,2026-09-19T16:02:43.514095Z
FreshTrace-Node-01,tomato,29.81,77.12,1013.25,31425,18929,91,1,2026-09-19T16:02:44.514095Z
FreshTrace-Node-01,tomato,29.81,77.13,1013.25,31430,18918,91,1,2026-09-19T16:02:45.514095Z
FreshTrace-Node-01,tomato,29.81,77.13,1013.25,31425,18910,92,1,2026-09-19T16:02:46.514095Z
FreshTrace-Node-01,tomato,29.81,77.15,1013.25,31427,18906,92,1,2026-09-19T16:02:47.514095Z
FreshTrace-Node-01,tomato,29.81,77.15,1013.25,31431,18895,93,1,2026-09-19T16:02:48.514095Z
FreshTrace-Node-01,tomato,29.81,77.17,1013.25,31423,18891,93,1,2026-09-19T16:02:49.514095Z
FreshTrace-Node-01,tomato,29.81,77.17,1013.25,31430,18881,93,1,2026-09-19T16:02:50.514095Z
FreshTrace-Node-01,tomato,29.81,77.18,1013.25,31416,18876,94,1,2026-09-19T16:02:51.514095Z
FreshTrace-Node-01,tomato,29.81,77.18,1013.25,31414,18873,95,1,2026-09-19T16:02:52.514095Z
FreshTrace-Node-01,tomato,29.82,77.18,1013.25,31408,18869,95,1,2026-09-19T16:02:53.514095Z
FreshTrace-Node-01,tomato,29.82,77.17,1013.25,31406,18861,96,1,2026-09-19T16:02:54.514095Z
FreshTrace-Node-01,tomato,29.81,77.17,1013.25,31420,18860,96,1,2026-09-19T16:02:55.514095Z
FreshTrace-Node-01,tomato,29.82,77.17,1013.25,31413,18847,97,1,2026-09-19T16:02:56.514095Z
FreshTrace-Node-01,tomato,29.82,77.16,1013.25,31419,18845,97,1,2026-09-19T16:02:57.514095Z
FreshTrace-Node-01,tomato,29.82,77.16,1013.25,31411,18835,98,1,2026-09-19T16:02:58.514095Z
FreshTrace-Node-01,tomato,29.82,77.16,1013.25,31410,18834,98,1,2026-09-19T16:02:59.514095Z
FreshTrace-Node-01,tomato,29.82,77.17,1013.25,31401,18819,99,1,2026-09-19T16:03:00.514095Z
FreshTrace-Node-01,tomato,29.82,77.17,1013.25,31405,18817,99,1,2026-09-19T16:03:01.514095Z
FreshTrace-Node-01,tomato,29.82,77.16,1013.25,31419,18817,99,1,2026-09-19T16:03:02.514095Z
FreshTrace-Node-01,tomato,29.82,77.17,1013.25,31412,18813,99,1,2026-09-19T16:03:03.514095Z
FreshTrace-Node-01,tomato,29.82,77.19,1013.25,31407,18799,100,1,2026-09-19T16:03:04.514095Z
FreshTrace-Node-01,tomato,29.82,77.17,1013.25,31410,18797,100,1,2026-09-19T16:03:05.514095Z
FreshTrace-Node-01,tomato,29.82,77.15,1013.25,31417,18796,100,1,2026-09-19T16:03:06.514095Z
FreshTrace-Node-01,tomato,29.82,77.14,1013.25,31411,18786,100,1,2026-09-19T16:03:07.514095Z
FreshTrace-Node-01,tomato,29.83,77.14,1013.25,31414,18781,100,1,2026-09-19T16:03:08.514095Z
FreshTrace-Node-01,tomato,29.82,77.11,1013.25,31411,18778,101,1,2026-09-19T16:03:09.514095Z
FreshTrace-Node-01,tomato,29.82,77.1,1013.25,31410,18776,101,1,2026-09-19T16:03:10.514095Z
FreshTrace-Node-01,tomato,29.83,77.1,1013.25,31408,18771,101,1,2026-09-19T16:03:11.514095Z
FreshTrace-Node-01,tomato,29.83,77.1,1013.25,31412,18766,101,1,2026-09-19T16:03:12.514095Z
FreshTrace-Node-01,tomato,29.82,77.11,1013.25,31418,18760,101,1,2026-09-19T16:03:13.514095Z
FreshTrace-Node-01,tomato,29.82,77.1,1013.25,31417,18752,101,1,2026-09-19T16:03:14.514095Z
FreshTrace-Node-01,tomato,29.82,77.1,1013.25,31420,18749,101,1,2026-09-19T16:03:15.514095Z
FreshTrace-Node-01,tomato,29.83,77.1,1013.25,31416,18746,101,1,2026-09-19T16:03:16.514095Z
FreshTrace-Node-01,tomato,29.83,77.12,1013.25,31425,18741,101,1,2026-09-19T16:03:17.514095Z
FreshTrace-Node-01,tomato,29.83,77.12,1013.25,31419,18741,101,1,2026-09-19T16:03:18.514095Z
FreshTrace-Node-01,tomato,29.83,77.14,1013.25,31416,18735,101,1,2026-09-19T16:03:19.514095Z
FreshTrace-Node-01,tomato,29.82,77.14,1013.25,31420,18729,101,1,2026-09-19T16:03:20.514095Z
FreshTrace-Node-01,tomato,29.83,77.14,1013.25,31417,18727,101,1,2026-09-19T16:03:21.514095Z
FreshTrace-Node-01,tomato,29.83,77.16,1013.25,31421,18718,100,1,2026-09-19T16:03:22.514095Z
FreshTrace-Node-01,tomato,29.82,77.14,1013.25,31413,18722,101,1,2026-09-19T16:03:23.514095Z
FreshTrace-Node-01,tomato,29.83,77.13,1013.25,31408,18710,101,1,2026-09-19T16:03:24.514095Z
FreshTrace-Node-01,tomato,29.83,77.12,1013.25,31405,18711,101,1,2026-09-19T16:03:25.514095Z
FreshTrace-Node-01,tomato,29.83,77.1,1013.25,31400,18709,101,1,2026-09-19T16:03:26.514095Z
FreshTrace-Node-01,tomato,29.83,77.09,1013.25,31418,18708,101,1,2026-09-19T16:03:27.514095Z
FreshTrace-Node-01,tomato,29.83,77.09,1013.25,31417,18699,101,1,2026-09-19T16:03:28.514095Z
FreshTrace-Node-01,tomato,29.83,77.08,1013.25,31408,18695,101,1,2026-09-19T16:03:29.514095Z
FreshTrace-Node-01,tomato,29.83,77.04,1013.25,31412,18688,101,1,2026-09-19T16:03:30.514095Z
FreshTrace-Node-01,tomato,29.83,77.03,1013.25,31416,18687,101,1,2026-09-19T16:03:31.514095Z
FreshTrace-Node-01,tomato,29.83,77.04,1013.25,31416,18679,101,1,2026-09-19T16:03:32.514095Z
FreshTrace-Node-01,tomato,29.83,77.04,1013.25,31411,18681,101,1,2026-09-19T16:03:33.514095Z
FreshTrace-Node-01,tomato,29.83,77.04,1013.25,31412,18680,101,1,2026-09-19T16:03:34.514095Z
FreshTrace-Node-01,tomato,29.84,77.02,1013.25,31424,18672,101,1,2026-09-19T16:03:35.514095Z
FreshTrace-Node-01,tomato,29.84,76.98,1013.25,31414,18669,101,1,2026-09-19T16:03:36.514095Z
FreshTrace-Node-01,tomato,29.83,76.96,1013.25,31406,18661,101,1,2026-09-19T16:03:37.514095Z
FreshTrace-Node-01,tomato,29.83,76.95,1013.25,31416,18664,101,1,2026-09-19T16:03:38.514095Z
FreshTrace-Node-01,tomato,29.83,76.94,1013.25,31410,18666,101,1,2026-09-19T16:03:39.514095Z
FreshTrace-Node-01,tomato,29.83,76.95,1013.25,31422,18655,101,1,2026-09-19T16:03:40.514095Z
FreshTrace-Node-01,tomato,29.83,76.97,1013.25,31417,18659,101,1,2026-09-19T16:03:41.514095Z
FreshTrace-Node-01,tomato,29.83,77.01,1013.25,31419,18655,101,1,2026-09-19T16:03:42.514095Z
FreshTrace-Node-01,tomato,29.83,77.06,1013.25,31425,18646,101,1,2026-09-19T16:03:43.514095Z
FreshTrace-Node-01,tomato,29.83,77.09,1013.25,31423,18642,100,1,2026-09-19T16:03:44.514095Z
FreshTrace-Node-01,tomato,29.83,77.13,1013.25,31418,18645,100,1,2026-09-19T16:03:45.514095Z
FreshTrace-Node-01,tomato,29.83,77.16,1013.25,31419,18641,100,1,2026-09-19T16:03:46.514095Z
FreshTrace-Node-01,tomato,29.83,77.2,1013.25,31411,18638,100,1,2026-09-19T16:03:47.514095Z
FreshTrace-Node-01,tomato,29.83,77.26,1013.25,31408,18644,101,1,2026-09-19T16:03:48.514095Z
FreshTrace-Node-01,tomato,29.83,77.32,1013.25,31408,18637,101,1,2026-09-19T16:03:49.514095Z
FreshTrace-Node-01,tomato,29.84,77.38,1013.25,31400,18639,101,1,2026-09-19T16:03:50.514095Z
FreshTrace-Node-01,tomato,29.83,77.39,1013.25,31408,18637,101,1,2026-09-19T16:03:51.514095Z
FreshTrace-Node-01,tomato,29.83,77.4,1013.25,31407,18637,101,1,2026-09-19T16:03:52.514095Z
FreshTrace-Node-01,tomato,29.83,77.38,1013.25,31394,18623,102,1,2026-09-19T16:03:53.514095Z
FreshTrace-Node-01,tomato,29.83,77.37,1013.25,31400,18624,102,1,2026-09-19T16:03:54.514095Z
FreshTrace-Node-01,tomato,29.83,77.35,1013.25,31389,18619,102,1,2026-09-19T16:03:55.514095Z
FreshTrace-Node-01,tomato,29.83,77.37,1013.25,31400,18620,102,1,2026-09-19T16:03:56.514095Z
FreshTrace-Node-01,tomato,29.83,77.37,1013.25,31392,18612,103,1,2026-09-19T16:03:57.514095Z
FreshTrace-Node-01,tomato,29.83,77.28,1013.25,31404,18609,103,1,2026-09-19T16:03:58.514095Z
FreshTrace-Node-01,tomato,29.83,77.1,1013.25,31404,18599,103,1,2026-09-19T16:03:59.514095Z
FreshTrace-Node-01,tomato,29.82,76.94,1013.25,31396,18590,103,1,2026-09-19T16:04:00.514095Z
FreshTrace-Node-01,tomato,29.83,76.88,1013.25,31418,18597,103,1,2026-09-19T16:04:01.514095Z
FreshTrace-Node-01,tomato,29.82,76.9,1013.25,31415,18589,102,1,2026-09-19T16:04:02.514095Z
FreshTrace-Node-01,tomato,29.82,76.95,1013.25,31418,18594,102,1,2026-09-19T16:04:03.514095Z
FreshTrace-Node-01,tomato,29.82,77.01,1013.25,31430,18590,102,1,2026-09-19T16:04:04.514095Z
FreshTrace-Node-01,tomato,29.82,77.05,1013.25,31432,18595,101,1,2026-09-19T16:04:05.514095Z
FreshTrace-Node-01,tomato,29.82,77.07,1013.25,31439,18585,100,1,2026-09-19T16:04:06.514095Z
FreshTrace-Node-01,tomato,29.83,77.01,1013.25,31425,18590,100,1,2026-09-19T16:04:07.514095Z
FreshTrace-Node-01,tomato,29.83,76.96,1013.25,31430,18587,100,1,2026-09-19T16:04:08.514095Z
FreshTrace-Node-01,tomato,29.82,76.9,1013.25,31430,18579,100,1,2026-09-19T16:04:09.514095Z
FreshTrace-Node-01,tomato,29.82,76.84,1013.25,31438,18574,99,1,2026-09-19T16:04:10.514095Z
FreshTrace-Node-01,tomato,29.82,76.79,1013.25,31423,18574,99,1,2026-09-19T16:04:11.514095Z
FreshTrace-Node-01,tomato,29.82,76.72,1013.25,31441,18577,99,1,2026-09-19T16:04:12.514095Z
FreshTrace-Node-01,tomato,29.82,76.67,1013.25,31436,18564,98,1,2026-09-19T16:04:13.514095Z
FreshTrace-Node-01,tomato,29.82,76.64,1013.25,31448,18563,98,1,2026-09-19T16:04:14.514095Z
FreshTrace-Node-01,tomato,29.82,76.64,1013.25,31443,18567,97,1,2026-09-19T16:04:15.514095Z
FreshTrace-Node-01,tomato,29.82,76.6,1013.25,31440,18565,97,1,2026-09-19T16:04:16.514095Z
FreshTrace-Node-01,tomato,29.82,76.57,1013.25,31434,18562,97,1,2026-09-19T16:04:17.514095Z
FreshTrace-Node-01,tomato,29.82,76.51,1013.25,31439,18552,97,1,2026-09-19T16:04:18.514095Z
FreshTrace-Node-01,tomato,29.82,76.45,1013.25,31440,18558,97,1,2026-09-19T16:04:19.514095Z
FreshTrace-Node-01,tomato,29.82,76.4,1013.25,31442,18557,96,1,2026-09-19T16:04:20.514095Z
FreshTrace-Node-01,tomato,29.82,76.36,1013.25,31441,18543,96,1,2026-09-19T16:04:21.514095Z
FreshTrace-Node-01,tomato,29.82,76.31,1013.25,31434,18547,96,1,2026-09-19T16:04:22.514095Z
FreshTrace-Node-01,tomato,29.81,76.27,1013.25,31432,18542,96,1,2026-09-19T16:04:23.514095Z
FreshTrace-Node-01,tomato,29.81,76.2,1013.25,31434,18538,96,1,2026-09-19T16:04:24.514095Z
FreshTrace-Node-01,tomato,29.82,76.15,1013.25,31437,18535,96,1,2026-09-19T16:04:25.514095Z
FreshTrace-Node-01,tomato,29.82,76.1,1013.25,31440,18539,96,1,2026-09-19T16:04:26.514095Z
FreshTrace-Node-01,tomato,29.82,76.03,1013.25,31450,18531,96,1,2026-09-19T16:04:27.514095Z
FreshTrace-Node-01,tomato,29.82,75.98,1013.25,31448,18531,96,1,2026-09-19T16:04:28.514095Z
FreshTrace-Node-01,tomato,29.82,75.95,1013.25,31452,18522,96,1,2026-09-19T16:04:29.514095Z
FreshTrace-Node-01,tomato,29.82,75.92,1013.25,31445,18533,96,1,2026-09-19T16:04:30.514095Z
FreshTrace-Node-01,tomato,29.82,75.94,1013.25,31447,18523,95,1,2026-09-19T16:04:31.514095Z
FreshTrace-Node-01,tomato,29.82,75.95,1013.25,31441,18521,95,1,2026-09-19T16:04:32.514095Z
FreshTrace-Node-01,tomato,29.82,75.97,1013.25,31445,18521,95,1,2026-09-19T16:04:33.514095Z
FreshTrace-Node-01,tomato,29.82,75.96,1013.25,31445,18520,95,1,2026-09-19T16:04:34.514095Z
FreshTrace-Node-01,tomato,29.82,75.98,1013.25,31457,18522,95,1,2026-09-19T16:04:35.514095Z
FreshTrace-Node-01,tomato,29.82,76.0,1013.25,31444,18514,95,1,2026-09-19T16:04:36.514095Z
FreshTrace-Node-01,tomato,29.82,76.0,1013.25,31446,18516,95,1,2026-09-19T16:04:37.514095Z
FreshTrace-Node-01,tomato,29.82,76.0,1013.25,31447,18511,95,1,2026-09-19T16:04:38.514095Z
FreshTrace-Node-01,tomato,29.83,76.0,1013.25,31445,18513,95,1,2026-09-19T16:04:39.514095Z
FreshTrace-Node-01,tomato,29.82,76.0,1013.25,31443,18501,95,1,2026-09-19T16:04:40.514095Z
FreshTrace-Node-01,tomato,29.82,76.01,1013.25,31439,18506,96,1,2026-09-19T16:04:41.514095Z
FreshTrace-Node-01,tomato,29.83,76.0,1013.25,31433,18511,96,1,2026-09-19T16:04:42.514095Z
FreshTrace-Node-01,tomato,29.82,76.01,1013.25,31445,18509,96,1,2026-09-19T16:04:43.514095Z
FreshTrace-Node-01,tomato,29.82,76.03,1013.25,31421,18496,96,1,2026-09-19T16:04:44.514095Z
FreshTrace-Node-01,tomato,29.83,76.02,1013.25,31438,18500,97,1,2026-09-19T16:04:45.514095Z
FreshTrace-Node-01,tomato,29.82,76.01,1013.25,31427,18499,97,1,2026-09-19T16:04:46.514095Z
FreshTrace-Node-01,tomato,29.83,76.0,1013.25,31425,18497,97,1,2026-09-19T16:04:47.514095Z
FreshTrace-Node-01,tomato,29.83,75.98,1013.25,31425,18498,98,1,2026-09-19T16:04:48.514095Z
FreshTrace-Node-01,tomato,29.83,75.97,1013.25,31421,18489,98,1,2026-09-19T16:04:49.514095Z
FreshTrace-Node-01,tomato,29.83,75.97,1013.25,31430,18493,98,1,2026-09-19T16:04:50.514095Z
FreshTrace-Node-01,tomato,29.83,75.96,1013.25,31421,18489,99,1,2026-09-19T16:04:51.514095Z
FreshTrace-Node-01,tomato,29.83,75.96,1013.25,31423,18487,99,1,2026-09-19T16:04:52.514095Z
FreshTrace-Node-01,tomato,29.83,75.97,1013.25,31428,18489,99,1,2026-09-19T16:04:53.514095Z
FreshTrace-Node-01,tomato,29.83,75.97,1013.25,31433,18483,99,1,2026-09-19T16:04:54.514095Z
FreshTrace-Node-01,tomato,29.83,75.98,1013.25,31430,18483,99,1,2026-09-19T16:04:55.514095Z
FreshTrace-Node-01,tomato,29.83,75.98,1013.25,31427,18487,100,1,2026-09-19T16:04:56.514095Z
FreshTrace-Node-01,tomato,29.83,75.96,1013.25,31436,18487,99,1,2026-09-19T16:04:57.514095Z
FreshTrace-Node-01,tomato,29.83,75.94,1013.25,31430,18483,100,1,2026-09-19T16:04:58.514095Z
FreshTrace-Node-01,tomato,29.84,75.95,1013.25,31427,18486,100,1,2026-09-19T16:04:59.514095Z
FreshTrace-Node-01,tomato,29.84,75.92,1013.25,31432,18479,100,1,2026-09-19T16:05:00.514095Z
FreshTrace-Node-01,tomato,29.83,75.9,1013.25,31431,18476,100,1,2026-09-19T16:05:01.514095Z
FreshTrace-Node-01,tomato,29.83,75.9,1013.25,31424,18466,100,1,2026-09-19T16:05:02.514095Z
FreshTrace-Node-01,tomato,29.84,75.88,1013.25,31425,18470,100,1,2026-09-19T16:05:03.514095Z
FreshTrace-Node-01,tomato,29.84,75.87,1013.25,31421,18467,100,1,2026-09-19T16:05:04.514095Z
FreshTrace-Node-01,tomato,29.83,75.85,1013.25,31430,18470,100,1,2026-09-19T16:05:05.514095Z
FreshTrace-Node-01,tomato,29.83,75.85,1013.25,31435,18466,100,1,2026-09-19T16:05:06.514095Z
FreshTrace-Node-01,tomato,29.83,75.84,1013.25,31437,18467,100,1,2026-09-19T16:05:07.514095Z
FreshTrace-Node-01,tomato,29.83,75.87,1013.25,31429,18458,100,1,2026-09-19T16:05:08.514095Z
FreshTrace-Node-01,tomato,29.83,75.83,1013.25,31427,18456,100,1,2026-09-19T16:05:09.514095Z
FreshTrace-Node-01,tomato,29.83,75.82,1013.25,31431,18455,100,1,2026-09-19T16:05:10.514095Z
FreshTrace-Node-01,tomato,29.83,75.82,1013.25,31429,18460,100,1,2026-09-19T16:05:11.514095Z
FreshTrace-Node-01,tomato,29.83,75.81,1013.25,31431,18465,100,1,2026-09-19T16:05:12.514095Z
FreshTrace-Node-01,tomato,29.83,75.82,1013.25,31437,18456,100,1,2026-09-19T16:05:13.514095Z
FreshTrace-Node-01,tomato,29.83,75.84,1013.25,31432,18458,100,1,2026-09-19T16:05:14.514095Z
FreshTrace-Node-01,tomato,29.83,75.87,1013.25,31435,18452,100,1,2026-09-19T16:05:15.514095Z
FreshTrace-Node-01,tomato,29.83,75.87,1013.25,31422,18451,100,1,2026-09-19T16:05:16.514095Z
FreshTrace-Node-01,tomato,29.83,75.87,1013.25,31438,18448,100,1,2026-09-19T16:05:17.514095Z
FreshTrace-Node-01,tomato,29.83,75.87,1013.25,31418,18451,100,1,2026-09-19T16:05:18.514095Z
FreshTrace-Node-01,tomato,29.83,75.88,1013.25,31433,18450,100,1,2026-09-19T16:05:19.514095Z
FreshTrace-Node-01,tomato,29.83,75.9,1013.25,31422,18451,101,1,2026-09-19T16:05:20.514095Z
FreshTrace-Node-01,tomato,29.83,75.92,1013.25,31421,18443,101,1,2026-09-19T16:05:21.514095Z
FreshTrace-Node-01,tomato,29.83,75.92,1013.25,31425,18450,101,1,2026-09-19T16:05:22.514095Z
FreshTrace-Node-01,tomato,29.83,75.95,1013.25,31419,18443,101,1,2026-09-19T16:05:23.514095Z
FreshTrace-Node-01,tomato,29.83,75.94,1013.25,31423,18444,101,1,2026-09-19T16:05:24.514095Z
FreshTrace-Node-01,tomato,29.84,75.94,1013.25,31424,18448,101,1,2026-09-19T16:05:25.514095Z
FreshTrace-Node-01,tomato,29.83,75.92,1013.25,31420,18440,101,1,2026-09-19T16:05:26.514095Z
FreshTrace-Node-01,tomato,29.83,75.91,1013.25,31420,18443,101,1,2026-09-19T16:05:27.514095Z
FreshTrace-Node-01,tomato,29.83,75.91,1013.25,31421,18438,101,1,2026-09-19T16:05:28.514095Z
FreshTrace-Node-01,tomato,29.83,75.9,1013.25,31426,18443,101,1,2026-09-19T16:05:29.514095Z
FreshTrace-Node-01,tomato,29.83,75.89,1013.25,31422,18440,102,1,2026-09-19T16:05:30.514095Z
FreshTrace-Node-01,tomato,29.84,75.87,1013.25,31426,18431,101,1,2026-09-19T16:05:31.514095Z
FreshTrace-Node-01,tomato,29.83,75.85,1013.25,31429,18429,101,1,2026-09-19T16:05:32.514095Z
FreshTrace-Node-01,tomato,29.83,75.81,1013.25,31426,18430,101,1,2026-09-19T16:05:33.514095Z
FreshTrace-Node-01,tomato,29.83,75.76,1013.25,31429,18432,101,1,2026-09-19T16:05:34.514095Z
FreshTrace-Node-01,tomato,29.83,75.75,1013.25,31431,18426,101,1,2026-09-19T16:05:35.514095Z
FreshTrace-Node-01,tomato,29.83,75.72,1013.25,31423,18427,101,1,2026-09-19T16:05:36.514095Z
FreshTrace-Node-01,tomato,29.83,75.69,1013.25,31431,18417,101,1,2026-09-19T16:05:37.514095Z
FreshTrace-Node-01,tomato,29.83,75.7,1013.25,31426,18423,101,1,2026-09-19T16:05:38.514095Z
FreshTrace-Node-01,tomato,29.83,75.73,1013.25,31431,18428,101,1,2026-09-19T16:05:39.514095Z
FreshTrace-Node-01,tomato,29.83,75.71,1013.25,31435,18421,101,1,2026-09-19T16:05:40.514095Z
FreshTrace-Node-01,tomato,29.83,75.75,1013.25,31427,18420,101,1,2026-09-19T16:05:41.514095Z
FreshTrace-Node-01,tomato,29.83,75.75,1013.25,31429,18419,101,1,2026-09-19T16:05:42.514095Z
FreshTrace-Node-01,tomato,29.83,75.78,1013.25,31431,18421,101,1,2026-09-19T16:05:43.514095Z
FreshTrace-Node-01,tomato,29.83,75.81,1013.25,31426,18421,101,1,2026-09-19T16:05:44.514095Z
FreshTrace-Node-01,tomato,29.83,75.83,1013.25,31432,18418,100,1,2026-09-19T16:05:45.514095Z
FreshTrace-Node-01,tomato,29.83,75.84,1013.25,31424,18419,101,1,2026-09-19T16:05:46.514095Z
FreshTrace-Node-01,tomato,29.83,75.87,1013.25,31425,18420,101,1,2026-09-19T16:05:47.514095Z
FreshTrace-Node-01,tomato,29.83,75.89,1013.25,31431,18415,101,1,2026-09-19T16:05:48.514095Z
FreshTrace-Node-01,tomato,29.83,75.9,1013.25,31424,18418,101,1,2026-09-19T16:05:49.514095Z
FreshTrace-Node-01,tomato,29.84,75.91,1013.25,31420,18409,101,1,2026-09-19T16:05:50.514095Z
FreshTrace-Node-01,tomato,29.83,75.92,1013.25,31424,18415,101,1,2026-09-19T16:05:51.514095Z
FreshTrace-Node-01,tomato,29.83,75.92,1013.25,31417,18416,101,1,2026-09-19T16:05:52.514095Z
FreshTrace-Node-01,tomato,29.84,75.92,1013.25,31413,18415,101,1,2026-09-19T16:05:53.514095Z
FreshTrace-Node-01,tomato,29.84,75.94,1013.25,31413,18416,101,1,2026-09-19T16:05:54.514095Z
FreshTrace-Node-01,tomato,29.83,75.91,1013.25,31417,18413,102,1,2026-09-19T16:05:55.514095Z
FreshTrace-Node-01,tomato,29.83,75.91,1013.25,31412,18408,102,1,2026-09-19T16:05:56.514095Z
FreshTrace-Node-01,tomato,29.83,75.91,1013.25,31413,18409,102,1,2026-09-19T16:05:57.514095Z
FreshTrace-Node-01,tomato,29.83,75.88,1013.25,31412,18397,102,1,2026-09-19T16:05:58.514095Z
FreshTrace-Node-01,tomato,29.83,75.89,1013.25,31405,18407,102,1,2026-09-19T16:05:59.514095Z
FreshTrace-Node-01,tomato,29.83,75.91,1013.25,31413,18405,103,1,2026-09-19T16:06:00.514095Z
FreshTrace-Node-01,tomato,29.83,75.94,1013.25,31412,18406,103,1,2026-09-19T16:06:01.514095Z
FreshTrace-Node-01,tomato,29.83,75.95,1013.25,31410,18392,103,1,2026-09-19T16:06:02.514095Z
FreshTrace-Node-01,tomato,29.83,75.96,1013.25,31423,18401,103,1,2026-09-19T16:06:03.514095Z
FreshTrace-Node-01,tomato,29.83,75.97,1013.25,31407,18398,103,1,2026-09-19T16:06:04.514095Z
FreshTrace-Node-01,tomato,29.83,75.97,1013.25,31411,18405,103,1,2026-09-19T16:06:05.514095Z
FreshTrace-Node-01,tomato,29.83,75.98,1013.25,31414,18395,103,1,2026-09-19T16:06:06.514095Z
FreshTrace-Node-01,tomato,29.83,75.97,1013.25,31403,18397,103,1,2026-09-19T16:06:07.514095Z
FreshTrace-Node-01,tomato,29.83,76.02,1013.25,31420,18395,103,1,2026-09-19T16:06:08.514095Z
FreshTrace-Node-01,tomato,29.84,76.03,1013.25,31400,18393,103,1,2026-09-19T16:06:09.514095Z
FreshTrace-Node-01,tomato,29.84,76.02,1013.25,31418,18399,103,1,2026-09-19T16:06:10.514095Z
FreshTrace-Node-01,tomato,29.83,76.01,1013.25,31412,18399,103,1,2026-09-19T16:06:11.514095Z
FreshTrace-Node-01,tomato,29.83,75.97,1013.25,31407,18388,103,1,2026-09-19T16:06:12.514095Z
FreshTrace-Node-01,tomato,29.83,75.94,1013.25,31405,18390,103,1,2026-09-19T16:06:13.514095Z
FreshTrace-Node-01,tomato,29.83,75.91,1013.25,31400,18384,103,1,2026-09-19T16:06:14.514095Z
FreshTrace-Node-01,tomato,29.84,75.92,1013.25,31412,18390,103,1,2026-09-19T16:06:15.514095Z
FreshTrace-Node-01,tomato,29.83,75.94,1013.25,31407,18387,103,1,2026-09-19T16:06:16.514095Z
FreshTrace-Node-01,tomato,29.83,75.96,1013.25,31417,18383,103,1,2026-09-19T16:06:17.514095Z
FreshTrace-Node-01,tomato,29.83,76.0,1013.25,31414,18385,103,1,2026-09-19T16:06:18.514095Z
FreshTrace-Node-01,tomato,29.83,76.04,1013.25,31403,18378,103,1,2026-09-19T16:06:19.514095Z
FreshTrace-Node-01,tomato,29.83,76.08,1013.25,31413,18381,103,1,2026-09-19T16:06:20.514095Z
FreshTrace-Node-01,tomato,29.83,76.09,1013.25,31414,18383,103,1,2026-09-19T16:06:21.514095Z
FreshTrace-Node-01,tomato,29.84,76.09,1013.25,31410,18383,103,1,2026-09-19T16:06:22.514095Z
FreshTrace-Node-01,tomato,29.84,76.07,1013.25,31413,18383,103,1,2026-09-19T16:06:23.514095Z
FreshTrace-Node-01,tomato,29.83,76.06,1013.25,31406,18374,103,1,2026-09-19T16:06:24.514095Z
FreshTrace-Node-01,tomato,29.84,76.02,1013.25,31403,18380,103,1,2026-09-19T16:06:25.514095Z
FreshTrace-Node-01,tomato,29.84,75.98,1013.25,31407,18383,103,1,2026-09-19T16:06:26.514095Z
FreshTrace-Node-01,tomato,29.83,75.92,1013.25,31409,18380,103,1,2026-09-19T16:06:27.514095Z
FreshTrace-Node-01,tomato,29.83,75.88,1013.25,31408,18371,103,1,2026-09-19T16:06:28.514095Z
FreshTrace-Node-01,tomato,29.83,75.81,1013.25,31412,18367,103,1,2026-09-19T16:06:29.514095Z
FreshTrace-Node-01,tomato,29.83,75.75,1013.25,31417,18368,103,1,2026-09-19T16:06:30.514095Z
FreshTrace-Node-01,tomato,29.83,75.72,1013.25,31418,18367,102,1,2026-09-19T16:06:31.514095Z
FreshTrace-Node-01,tomato,29.83,75.7,1013.25,31419,18364,102,1,2026-09-19T16:06:32.514095Z
FreshTrace-Node-01,tomato,29.83,75.67,1013.25,31422,18359,102,1,2026-09-19T16:06:33.514095Z
FreshTrace-Node-01,tomato,29.83,75.64,1013.25,31423,18356,102,1,2026-09-19T16:06:34.514095Z
FreshTrace-Node-01,tomato,29.83,75.6,1013.25,31429,18362,101,1,2026-09-19T16:06:35.514095Z
FreshTrace-Node-01,tomato,29.83,75.57,1013.25,31425,18363,101,1,2026-09-19T16:06:36.514095Z
FreshTrace-Node-01,tomato,29.83,75.54,1013.25,31427,18360,101,1,2026-09-19T16:06:37.514095Z
FreshTrace-Node-01,tomato,29.83,75.48,1013.25,31441,18352,100,1,2026-09-19T16:06:38.514095Z
FreshTrace-Node-01,tomato,29.83,75.46,1013.25,31421,18349,100,1,2026-09-19T16:06:39.514095Z
FreshTrace-Node-01,tomato,29.83,75.44,1013.25,31428,18348,100,1,2026-09-19T16:06:40.514095Z
FreshTrace-Node-01,tomato,29.83,75.42,1013.25,31427,18351,100,1,2026-09-19T16:06:41.514095Z
FreshTrace-Node-01,tomato,29.83,75.41,1013.25,31441,18352,99,1,2026-09-19T16:06:42.514095Z
FreshTrace-Node-01,tomato,29.83,75.4,1013.25,31433,18349,99,1,2026-09-19T16:06:43.514095Z
FreshTrace-Node-01,tomato,29.83,75.44,1013.25,31442,18348,99,1,2026-09-19T16:06:44.514095Z
FreshTrace-Node-01,tomato,29.83,75.44,1013.25,31433,18352,98,1,2026-09-19T16:06:45.514095Z
FreshTrace-Node-01,tomato,29.83,75.41,1013.25,31453,18353,98,1,2026-09-19T16:06:46.514095Z
FreshTrace-Node-01,tomato,29.83,75.41,1013.25,31432,18346,98,1,2026-09-19T16:06:47.514095Z
FreshTrace-Node-01,tomato,29.83,75.41,1013.25,31442,18351,98,1,2026-09-19T16:06:48.514095Z
FreshTrace-Node-01,tomato,29.83,75.42,1013.25,31444,18347,97,1,2026-09-19T16:06:49.514095Z
FreshTrace-Node-01,tomato,29.83,75.41,1013.25,31424,18345,97,1,2026-09-19T16:06:50.514095Z
FreshTrace-Node-01,tomato,29.83,75.42,1013.25,31438,18350,97,1,2026-09-19T16:06:51.514095Z
FreshTrace-Node-01,tomato,29.83,75.44,1013.25,31449,18349,97,1,2026-09-19T16:06:52.514095Z
FreshTrace-Node-01,tomato,29.83,75.41,1013.25,31441,18345,97,1,2026-09-19T16:06:53.514095Z
FreshTrace-Node-01,tomato,29.83,75.39,1013.25,31442,18347,97,1,2026-09-19T16:06:54.514095Z
FreshTrace-Node-01,tomato,29.83,75.39,1013.25,31435,18349,97,1,2026-09-19T16:06:55.514095Z
FreshTrace-Node-01,tomato,29.83,75.39,1013.25,31440,18342,97,1,2026-09-19T16:06:56.514095Z
FreshTrace-Node-01,tomato,29.83,75.39,1013.25,31428,18342,97,1,2026-09-19T16:06:57.514095Z
FreshTrace-Node-01,tomato,29.83,75.38,1013.25,31440,18342,97,1,2026-09-19T16:06:58.514095Z
FreshTrace-Node-01,tomato,29.82,75.36,1013.25,31440,18341,97,1,2026-09-19T16:06:59.514095Z
FreshTrace-Node-01,tomato,29.83,75.38,1013.25,31430,18341,97,1,2026-09-19T16:07:00.514095Z
FreshTrace-Node-01,tomato,29.83,75.36,1013.25,31447,18338,97,1,2026-09-19T16:07:01.514095Z
FreshTrace-Node-01,tomato,29.83,75.36,1013.25,31435,18346,97,1,2026-09-19T16:07:02.514095Z
FreshTrace-Node-01,tomato,29.83,75.36,1013.25,31440,18343,97,1,2026-09-19T16:07:03.514095Z
FreshTrace-Node-01,tomato,29.83,75.38,1013.25,31437,18345,97,1,2026-09-19T16:07:04.514095Z
FreshTrace-Node-01,tomato,29.83,75.38,1013.25,31441,18341,97,1,2026-09-19T16:07:05.514095Z
FreshTrace-Node-01,tomato,29.83,75.39,1013.25,31440,18338,97,1,2026-09-19T16:07:06.514095Z
FreshTrace-Node-01,tomato,29.83,75.41,1013.25,31429,18334,97,1,2026-09-19T16:07:07.514095Z
FreshTrace-Node-01,tomato,29.83,75.42,1013.25,31441,18340,97,1,2026-09-19T16:07:08.514095Z
FreshTrace-Node-01,tomato,29.83,75.45,1013.25,31435,18341,97,1,2026-09-19T16:07:09.514095Z
FreshTrace-Node-01,tomato,29.82,75.48,1013.25,31437,18335,97,1,2026-09-19T16:07:10.514095Z
FreshTrace-Node-01,tomato,29.83,75.5,1013.25,31442,18336,97,1,2026-09-19T16:07:11.514095Z
FreshTrace-Node-01,tomato,29.83,75.53,1013.25,31436,18338,97,1,2026-09-19T16:07:12.514095Z
FreshTrace-Node-01,tomato,29.83,75.56,1013.25,31429,18337,97,1,2026-09-19T16:07:13.514095Z
FreshTrace-Node-01,tomato,29.83,75.58,1013.25,31423,18337,98,1,2026-09-19T16:07:14.514095Z
FreshTrace-Node-01,tomato,29.83,75.58,1013.25,31423,18335,98,1,2026-09-19T16:07:15.514095Z
FreshTrace-Node-01,tomato,29.83,75.63,1013.25,31424,18340,98,1,2026-09-19T16:07:16.514095Z
FreshTrace-Node-01,tomato,29.83,75.67,1013.25,31421,18337,99,1,2026-09-19T16:07:17.514095Z
FreshTrace-Node-01,tomato,29.83,75.69,1013.25,31422,18336,99,1,2026-09-19T16:07:18.514095Z
FreshTrace-Node-01,tomato,29.83,75.7,1013.25,31415,18335,99,1,2026-09-19T16:07:19.514095Z
FreshTrace-Node-01,tomato,29.83,75.69,1013.25,31417,18333,100,1,2026-09-19T16:07:20.514095Z
FreshTrace-Node-01,tomato,29.83,75.69,1013.25,31416,18334,100,1,2026-09-19T16:07:21.514095Z
FreshTrace-Node-01,tomato,29.83,75.66,1013.25,31425,18338,100,1,2026-09-19T16:07:22.514095Z
FreshTrace-Node-01,tomato,29.83,75.69,1013.25,31415,18336,100,1,2026-09-19T16:07:23.514095Z
FreshTrace-Node-01,tomato,29.83,75.67,1013.25,31407,18329,101,1,2026-09-19T16:07:24.514095Z
FreshTrace-Node-01,tomato,29.83,75.69,1013.25,31410,18328,101,1,2026-09-19T16:07:25.514095Z
FreshTrace-Node-01,tomato,29.83,75.67,1013.25,31418,18327,101,1,2026-09-19T16:07:26.514095Z
FreshTrace-Node-01,tomato,29.83,75.66,1013.25,31423,18328,101,1,2026-09-19T16:07:27.514095Z
FreshTrace-Node-01,tomato,29.83,75.67,1013.25,31416,18330,101,1,2026-09-19T16:07:28.514095Z
FreshTrace-Node-01,tomato,29.83,75.72,1013.25,31407,18330,102,1,2026-09-19T16:07:29.514095Z
FreshTrace-Node-01,tomato,29.84,75.73,1013.25,31411,18325,102,1,2026-09-19T16:07:30.514095Z
FreshTrace-Node-01,tomato,29.83,75.76,1013.25,31416,18325,102,1,2026-09-19T16:07:31.514095Z
FreshTrace-Node-01,tomato,29.83,75.79,1013.25,31416,18330,102,1,2026-09-19T16:07:32.514095Z
FreshTrace-Node-01,tomato,29.83,75.82,1013.25,31415,18328,102,1,2026-09-19T16:07:33.514095Z
FreshTrace-Node-01,tomato,29.83,75.84,1013.25,31402,18328,103,1,2026-09-19T16:07:34.514095Z
FreshTrace-Node-01,tomato,29.83,75.87,1013.25,31405,18325,103,1,2026-09-19T16:07:35.514095Z
FreshTrace-Node-01,tomato,29.83,75.89,1013.25,31406,18328,103,1,2026-09-19T16:07:36.514095Z
FreshTrace-Node-01,tomato,29.83,75.9,1013.25,31392,18323,104,1,2026-09-19T16:07:37.514095Z
FreshTrace-Node-01,tomato,29.83,75.9,1013.25,31395,18320,104,1,2026-09-19T16:07:38.514095Z
FreshTrace-Node-01,tomato,29.83,75.89,1013.25,31406,18321,104,1,2026-09-19T16:07:39.514095Z
FreshTrace-Node-01,tomato,29.83,75.87,1013.25,31405,18321,104,1,2026-09-19T16:07:40.514095Z
FreshTrace-Node-01,tomato,29.83,75.85,1013.25,31403,18325,104,1,2026-09-19T16:07:41.514095Z
FreshTrace-Node-01,tomato,29.83,75.82,1013.25,31395,18315,104,1,2026-09-19T16:07:42.514095Z
FreshTrace-Node-01,tomato,29.83,75.79,1013.25,31404,18317,104,1,2026-09-19T16:07:43.514095Z
FreshTrace-Node-01,tomato,29.83,75.76,1013.25,31408,18316,104,1,2026-09-19T16:07:44.514095Z
FreshTrace-Node-01,tomato,29.82,75.74,1013.25,31405,18314,104,1,2026-09-19T16:07:45.514095Z
FreshTrace-Node-01,tomato,29.82,75.73,1013.25,31417,18310,104,1,2026-09-19T16:07:46.514095Z
FreshTrace-Node-01,tomato,29.83,75.7,1013.25,31408,18308,104,1,2026-09-19T16:07:47.514095Z
FreshTrace-Node-01,tomato,29.83,75.72,1013.25,31408,18311,104,1,2026-09-19T16:07:48.514095Z
FreshTrace-Node-01,tomato,29.83,75.75,1013.25,31423,18311,104,1,2026-09-19T16:07:49.514095Z
FreshTrace-Node-01,tomato,29.83,75.76,1013.25,31416,18310,103,1,2026-09-19T16:07:50.514095Z
FreshTrace-Node-01,tomato,29.83,75.76,1013.25,31423,18314,103,1,2026-09-19T16:07:51.514095Z
FreshTrace-Node-01,tomato,29.82,75.76,1013.25,31412,18311,103,1,2026-09-19T16:07:52.514095Z
FreshTrace-Node-01,tomato,29.82,75.77,1013.25,31424,18304,103,1,2026-09-19T16:07:53.514095Z
FreshTrace-Node-01,tomato,29.83,75.78,1013.25,31413,18312,103,1,2026-09-19T16:07:54.514095Z
FreshTrace-Node-01,tomato,29.83,75.77,1013.25,31423,18307,102,1,2026-09-19T16:07:55.514095Z
FreshTrace-Node-01,tomato,29.83,75.73,1013.25,31410,18306,102,1,2026-09-19T16:07:56.514095Z
FreshTrace-Node-01,tomato,29.82,75.72,1013.25,31412,18302,102,1,2026-09-19T16:07:57.514095Z
FreshTrace-Node-01,tomato,29.82,75.68,1013.25,31417,18303,102,1,2026-09-19T16:07:58.514095Z
FreshTrace-Node-01,tomato,29.83,75.67,1013.25,31424,18304,102,1,2026-09-19T16:07:59.514095Z
FreshTrace-Node-01,tomato,29.82,75.68,1013.25,31421,18303,102,1,2026-09-19T16:08:00.514095Z
FreshTrace-Node-01,tomato,29.82,75.68,1013.25,31425,18304,101,1,2026-09-19T16:08:01.514095Z
FreshTrace-Node-01,tomato,29.82,75.7,1013.25,31415,18299,101,1,2026-09-19T16:08:02.514095Z
FreshTrace-Node-01,tomato,29.83,75.71,1013.25,31431,18301,101,1,2026-09-19T16:08:03.514095Z
FreshTrace-Node-01,tomato,29.83,75.73,1013.25,31418,18302,101,1,2026-09-19T16:08:04.514095Z
FreshTrace-Node-01,tomato,29.83,75.76,1013.25,31419,18309,101,1,2026-09-19T16:08:05.514095Z
FreshTrace-Node-01,tomato,29.82,75.78,1013.25,31413,18300,101,1,2026-09-19T16:08:06.514095Z
FreshTrace-Node-01,tomato,29.83,75.82,1013.25,31422,18304,101,1,2026-09-19T16:08:07.514095Z
FreshTrace-Node-01,tomato,29.83,75.88,1013.25,31417,18303,101,1,2026-09-19T16:08:08.514095Z
FreshTrace-Node-01,tomato,29.83,75.9,1013.25,31415,18302,101,1,2026-09-19T16:08:09.514095Z
FreshTrace-Node-01,tomato,29.83,75.9,1013.25,31406,18305,101,1,2026-09-19T16:08:10.514095Z
FreshTrace-Node-01,tomato,29.83,75.92,1013.25,31411,18301,101,1,2026-09-19T16:08:11.514095Z
FreshTrace-Node-01,tomato,29.83,75.92,1013.25,31409,18301,101,1,2026-09-19T16:08:12.514095Z
FreshTrace-Node-01,tomato,29.83,75.94,1013.25,31406,18299,101,1,2026-09-19T16:08:13.514095Z
FreshTrace-Node-01,tomato,29.83,75.96,1013.25,31399,18301,102,1,2026-09-19T16:08:14.514095Z
FreshTrace-Node-01,tomato,29.83,75.97,1013.25,31414,18298,101,1,2026-09-19T16:08:15.514095Z
FreshTrace-Node-01,tomato,29.83,75.96,1013.25,31406,18302,102,1,2026-09-19T16:08:16.514095Z
FreshTrace-Node-01,tomato,29.82,75.96,1013.25,31401,18303,102,1,2026-09-19T16:08:17.514095Z
FreshTrace-Node-01,tomato,29.83,75.96,1013.25,31407,18293,102,1,2026-09-19T16:08:18.514095Z
FreshTrace-Node-01,tomato,29.82,75.95,1013.25,31391,18296,102,1,2026-09-19T16:08:19.514095Z
FreshTrace-Node-01,tomato,29.83,75.95,1013.25,31404,18298,102,1,2026-09-19T16:08:20.514095Z
FreshTrace-Node-01,tomato,29.82,75.92,1013.25,31406,18294,102,1,2026-09-19T16:08:21.514095Z
FreshTrace-Node-01,tomato,29.82,75.94,1013.25,31400,18292,102,1,2026-09-19T16:08:22.514095Z
FreshTrace-Node-01,tomato,29.83,75.97,1013.25,31403,18292,103,1,2026-09-19T16:08:23.514095Z
FreshTrace-Node-01,tomato,29.82,75.98,1013.25,31405,18296,103,1,2026-09-19T16:08:24.514095Z
FreshTrace-Node-01,tomato,29.83,76.0,1013.25,31403,18292,103,1,2026-09-19T16:08:25.514095Z
FreshTrace-Node-01,tomato,29.83,76.02,1013.25,31405,18295,103,1,2026-09-19T16:08:26.514095Z
FreshTrace-Node-01,tomato,29.82,76.04,1013.25,31404,18290,103,1,2026-09-19T16:08:27.514095Z
FreshTrace-Node-01,tomato,29.82,76.08,1013.25,31394,18290,103,1,2026-09-19T16:08:28.514095Z
FreshTrace-Node-01,tomato,29.82,76.1,1013.25,31399,18290,103,1,2026-09-19T16:08:29.514095Z
FreshTrace-Node-01,tomato,29.82,76.14,1013.25,31387,18285,103,1,2026-09-19T16:08:30.514095Z
FreshTrace-Node-01,tomato,29.83,76.15,1013.25,31395,18286,103,1,2026-09-19T16:08:31.514095Z
FreshTrace-Node-01,tomato,29.82,76.17,1013.25,31391,18285,104,1,2026-09-19T16:08:32.514095Z
FreshTrace-Node-01,tomato,29.83,76.22,1013.25,31394,18292,104,1,2026-09-19T16:08:33.514095Z
FreshTrace-Node-01,tomato,29.82,76.23,1013.25,31380,18293,104,1,2026-09-19T16:08:34.514095Z
FreshTrace-Node-01,tomato,29.83,76.22,1013.25,31392,18291,104,1,2026-09-19T16:08:35.514095Z
FreshTrace-Node-01,tomato,29.83,76.22,1013.25,31395,18294,104,1,2026-09-19T16:08:36.514095Z
FreshTrace-Node-01,tomato,29.82,76.22,1013.25,31391,18292,104,1,2026-09-19T16:08:37.514095Z
FreshTrace-Node-01,tomato,29.82,76.22,1013.25,31386,18288,104,1,2026-09-19T16:08:38.514095Z
FreshTrace-Node-01,tomato,29.82,76.22,1013.25,31386,18278,104,1,2026-09-19T16:08:39.514095Z
FreshTrace-Node-01,tomato,29.82,76.22,1013.25,31390,18287,104,1,2026-09-19T16:08:40.514095Z
FreshTrace-Node-01,tomato,29.82,76.21,1013.25,31379,18285,105,1,2026-09-19T16:08:41.514095Z
FreshTrace-Node-01,tomato,29.82,76.21,1013.25,31383,18285,105,1,2026-09-19T16:08:42.514095Z
FreshTrace-Node-01,tomato,29.82,76.19,1013.25,31395,18280,105,1,2026-09-19T16:08:43.514095Z
FreshTrace-Node-01,tomato,29.83,76.16,1013.25,31392,18284,105,1,2026-09-19T16:08:44.514095Z
FreshTrace-Node-01,tomato,29.82,76.14,1013.25,31395,18283,105,1,2026-09-19T16:08:45.514095Z
FreshTrace-Node-01,tomato,29.82,76.11,1013.25,31395,18283,104,1,2026-09-19T16:08:46.514095Z
FreshTrace-Node-01,tomato,29.83,76.1,1013.25,31395,18277,104,1,2026-09-19T16:08:47.514095Z
FreshTrace-Node-01,tomato,29.82,76.1,1013.25,31401,18280,104,1,2026-09-19T16:08:48.514095Z
FreshTrace-Node-01,tomato,29.82,76.13,1013.25,31402,18279,104,1,2026-09-19T16:08:49.514095Z
FreshTrace-Node-01,tomato,29.82,76.17,1013.25,31398,18283,104,1,2026-09-19T16:08:50.514095Z
FreshTrace-Node-01,tomato,29.82,76.2,1013.25,31402,18281,103,1,2026-09-19T16:08:51.514095Z
FreshTrace-Node-01,tomato,29.82,76.22,1013.25,31395,18279,103,1,2026-09-19T16:08:52.514095Z
FreshTrace-Node-01,tomato,29.82,76.24,1013.25,31402,18271,103,1,2026-09-19T16:08:53.514095Z
FreshTrace-Node-01,tomato,29.82,76.26,1013.25,31395,18279,103,1,2026-09-19T16:08:54.514095Z
FreshTrace-Node-01,tomato,29.82,76.29,1013.25,31389,18283,103,1,2026-09-19T16:08:55.514095Z
FreshTrace-Node-01,tomato,29.82,76.29,1013.25,31394,18278,103,1,2026-09-19T16:08:56.514095Z
FreshTrace-Node-01,tomato,29.82,76.3,1013.25,31391,18275,103,1,2026-09-19T16:08:57.514095Z
FreshTrace-Node-01,tomato,29.82,76.31,1013.25,31396,18274,103,1,2026-09-19T16:08:58.514095Z
FreshTrace-Node-01,tomato,29.82,76.33,1013.25,31387,18281,103,1,2026-09-19T16:08:59.514095Z
FreshTrace-Node-01,tomato,29.82,76.3,1013.25,31387,18272,103,1,2026-09-19T16:09:00.514095Z
FreshTrace-Node-01,tomato,29.82,76.33,1013.25,31375,18274,103,1,2026-09-19T16:09:01.514095Z
FreshTrace-Node-01,tomato,29.82,76.33,1013.25,31388,18272,103,1,2026-09-19T16:09:02.514095Z
FreshTrace-Node-01,tomato,29.82,76.34,1013.25,31389,18281,103,1,2026-09-19T16:09:03.514095Z
FreshTrace-Node-01,tomato,29.82,76.35,1013.25,31391,18272,103,1,2026-09-19T16:09:04.514095Z
FreshTrace-Node-01,tomato,29.82,76.37,1013.25,31378,18277,103,1,2026-09-19T16:09:05.514095Z
FreshTrace-Node-01,tomato,29.82,76.41,1013.25,31388,18266,103,1,2026-09-19T16:09:06.514095Z
FreshTrace-Node-01,tomato,29.82,76.41,1013.25,31374,18271,104,1,2026-09-19T16:09:07.514095Z
FreshTrace-Node-01,tomato,29.82,76.43,1013.25,31386,18268,104,1,2026-09-19T16:09:08.514095Z
FreshTrace-Node-01,tomato,29.82,76.46,1013.25,31372,18272,104,1,2026-09-19T16:09:09.514095Z
FreshTrace-Node-01,tomato,29.82,76.45,1013.25,31379,18269,104,1,2026-09-19T16:09:10.514095Z
FreshTrace-Node-01,tomato,29.82,76.48,1013.25,31368,18268,104,1,2026-09-19T16:09:11.514095Z
FreshTrace-Node-01,tomato,29.82,76.5,1013.25,31375,18269,104,1,2026-09-19T16:09:12.514095Z
FreshTrace-Node-01,tomato,29.82,76.49,1013.25,31372,18271,105,1,2026-09-19T16:09:13.514095Z
FreshTrace-Node-01,tomato,29.82,76.5,1013.25,31365,18270,105,1,2026-09-19T16:09:14.514095Z
FreshTrace-Node-01,tomato,29.82,76.47,1013.25,31379,18261,105,1,2026-09-19T16:09:15.514095Z
FreshTrace-Node-01,tomato,29.82,76.45,1013.25,31379,18262,105,1,2026-09-19T16:09:16.514095Z
FreshTrace-Node-01,tomato,29.82,76.43,1013.25,31374,18265,105,1,2026-09-19T16:09:17.514095Z
FreshTrace-Node-01,tomato,29.82,76.41,1013.25,31371,18263,105,1,2026-09-19T16:09:18.514095Z
FreshTrace-Node-01,tomato,29.82,76.4,1013.25,31378,18263,105,1,2026-09-19T16:09:19.514095Z
FreshTrace-Node-01,tomato,29.82,76.39,1013.25,31382,18256,105,1,2026-09-19T16:09:20.514095Z
FreshTrace-Node-01,tomato,29.82,76.37,1013.25,31378,18260,105,1,2026-09-19T16:09:21.514095Z
FreshTrace-Node-01,tomato,29.81,76.35,1013.25,31364,18254,105,1,2026-09-19T16:09:22.514095Z
FreshTrace-Node-01,tomato,29.81,76.34,1013.25,31378,18258,105,1,2026-09-19T16:09:23.514095Z
FreshTrace-Node-01,tomato,29.82,76.34,1013.25,31384,18252,104,1,2026-09-19T16:09:24.514095Z
FreshTrace-Node-01,tomato,29.82,76.31,1013.25,31371,18257,105,1,2026-09-19T16:09:25.514095Z
FreshTrace-Node-01,tomato,29.81,76.33,1013.25,31381,18257,104,1,2026-09-19T16:09:26.514095Z
FreshTrace-Node-01,tomato,29.81,76.33,1013.25,31385,18253,104,1,2026-09-19T16:09:27.514095Z
FreshTrace-Node-01,tomato,29.81,76.33,1013.25,31376,18254,104,1,2026-09-19T16:09:28.514095Z
FreshTrace-Node-01,tomato,29.82,76.33,1013.25,31379,18256,104,1,2026-09-19T16:09:29.514095Z
FreshTrace-Node-01,tomato,29.81,76.31,1013.25,31378,18255,104,1,2026-09-19T16:09:30.514095Z
FreshTrace-Node-01,tomato,29.82,76.34,1013.25,31386,18252,104,1,2026-09-19T16:09:31.514095Z
FreshTrace-Node-01,tomato,29.82,76.36,1013.25,31395,18252,103,1,2026-09-19T16:09:32.514095Z
FreshTrace-Node-01,tomato,29.81,76.36,1013.25,31374,18255,103,1,2026-09-19T16:09:33.514095Z
FreshTrace-Node-01,tomato,29.81,76.4,1013.25,31373,18249,103,1,2026-09-19T16:09:34.514095Z
FreshTrace-Node-01,tomato,29.82,76.4,1013.25,31388,18249,103,1,2026-09-19T16:09:35.514095Z
FreshTrace-Node-01,tomato,29.82,76.41,1013.25,31381,18246,103,1,2026-09-19T16:09:36.514095Z
FreshTrace-Node-01,tomato,29.82,76.43,1013.25,31375,18247,103,1,2026-09-19T16:09:37.514095Z
FreshTrace-Node-01,tomato,29.82,76.47,1013.25,31382,18255,103,1,2026-09-19T16:09:38.514095Z
FreshTrace-Node-01,tomato,29.82,76.47,1013.25,31379,18255,103,1,2026-09-19T16:09:39.514095Z
FreshTrace-Node-01,tomato,29.82,76.48,1013.25,31376,18253,103,1,2026-09-19T16:09:40.514095Z
FreshTrace-Node-01,tomato,29.82,76.5,1013.25,31373,18250,103,1,2026-09-19T16:09:41.514095Z
FreshTrace-Node-01,tomato,29.82,76.52,1013.25,31379,18249,103,1,2026-09-19T16:09:42.514095Z
FreshTrace-Node-01,tomato,29.82,76.52,1013.25,31375,18248,103,1,2026-09-19T16:09:43.514095Z
FreshTrace-Node-01,tomato,29.82,76.52,1013.25,31366,18251,103,1,2026-09-19T16:09:44.514095Z
FreshTrace-Node-01,tomato,29.82,76.53,1013.25,31363,18248,103,1,2026-09-19T16:09:45.514095Z
FreshTrace-Node-01,tomato,29.82,76.55,1013.25,31354,18247,103,1,2026-09-19T16:09:46.514095Z
FreshTrace-Node-01,tomato,29.82,76.55,1013.25,31372,18243,103,1,2026-09-19T16:09:47.514095Z
FreshTrace-Node-01,tomato,29.82,76.55,1013.25,31361,18249,104,1,2026-09-19T16:09:48.514095Z
FreshTrace-Node-01,tomato,29.81,76.58,1013.25,31365,18244,104,1,2026-09-19T16:09:49.514095Z
FreshTrace-Node-01,tomato,29.82,76.59,1013.25,31362,18245,104,1,2026-09-19T16:09:50.514095Z
FreshTrace-Node-01,tomato,29.82,76.61,1013.25,31364,18246,104,1,2026-09-19T16:09:51.514095Z
FreshTrace-Node-01,tomato,29.82,76.6,1013.25,31357,18244,104,1,2026-09-19T16:09:52.514095Z
FreshTrace-Node-01,tomato,29.82,76.61,1013.25,31361,18242,104,1,2026-09-19T16:09:53.514095Z
FreshTrace-Node-01,tomato,29.82,76.62,1013.25,31359,18243,104,1,2026-09-19T16:09:54.514095Z
FreshTrace-Node-01,tomato,29.82,76.62,1013.25,31360,18244,104,1,2026-09-19T16:09:55.514095Z
FreshTrace-Node-01,tomato,29.82,76.63,1013.25,31368,18239,104,1,2026-09-19T16:09:56.514095Z
FreshTrace-Node-01,tomato,29.82,76.65,1013.25,31360,18240,104,1,2026-09-19T16:09:57.514095Z
FreshTrace-Node-01,tomato,29.82,76.64,1013.25,31361,18239,104,1,2026-09-19T16:09:58.514095Z
FreshTrace-Node-01,tomato,29.82,76.66,1013.25,31362,18241,104,1,2026-09-19T16:09:59.514095Z
FreshTrace-Node-01,tomato,29.82,76.67,1013.25,31360,18237,104,1,2026-09-19T16:10:00.514095Z
FreshTrace-Node-01,tomato,29.82,76.7,1013.25,31368,18234,104,1,2026-09-19T16:10:01.514095Z
FreshTrace-Node-01,tomato,29.82,76.71,1013.25,31366,18242,104,1,2026-09-19T16:10:02.514095Z
FreshTrace-Node-01,tomato,29.82,76.73,1013.25,31366,18238,104,1,2026-09-19T16:10:03.514095Z
FreshTrace-Node-01,tomato,29.82,76.77,1013.25,31354,18244,104,1,2026-09-19T16:10:04.514095Z
FreshTrace-Node-01,tomato,29.82,76.8,1013.25,31369,18240,104,1,2026-09-19T16:10:05.514095Z
FreshTrace-Node-01,tomato,29.82,76.82,1013.25,31362,18240,104,1,2026-09-19T16:10:06.514095Z
FreshTrace-Node-01,tomato,29.82,76.79,1013.25,31361,18238,104,1,2026-09-19T16:10:07.514095Z
FreshTrace-Node-01,tomato,29.82,76.79,1013.25,31368,18238,104,1,2026-09-19T16:10:08.514095Z
FreshTrace-Node-01,tomato,29.82,76.78,1013.25,31357,18240,104,1,2026-09-19T16:10:09.514095Z
FreshTrace-Node-01,tomato,29.81,76.77,1013.25,31357,18237,104,1,2026-09-19T16:10:10.514095Z
FreshTrace-Node-01,tomato,29.82,76.74,1013.25,31358,18236,104,1,2026-09-19T16:10:11.514095Z
FreshTrace-Node-01,tomato,29.82,76.73,1013.25,31357,18243,104,1,2026-09-19T16:10:12.514095Z
FreshTrace-Node-01,tomato,29.82,76.74,1013.25,31362,18231,104,1,2026-09-19T16:10:13.514095Z
FreshTrace-Node-01,tomato,29.82,76.74,1013.25,31355,18235,104,1,2026-09-19T16:10:14.514095Z
FreshTrace-Node-01,tomato,29.82,76.71,1013.25,31367,18234,104,1,2026-09-19T16:10:15.514095Z
FreshTrace-Node-01,tomato,29.82,76.7,1013.25,31357,18228,104,1,2026-09-19T16:10:16.514095Z
FreshTrace-Node-01,tomato,29.81,76.71,1013.25,31362,18235,104,1,2026-09-19T16:10:17.514095Z
FreshTrace-Node-01,tomato,29.81,76.72,1013.25,31370,18228,103,1,2026-09-19T16:10:18.514095Z
FreshTrace-Node-01,tomato,29.82,76.72,1013.25,31363,18234,103,1,2026-09-19T16:10:19.514095Z
FreshTrace-Node-01,tomato,29.82,76.71,1013.25,31371,18232,103,1,2026-09-19T16:10:20.514095Z
FreshTrace-Node-01,tomato,29.82,76.71,1013.25,31371,18229,103,1,2026-09-19T16:10:21.514095Z
FreshTrace-Node-01,tomato,29.82,76.72,1013.25,31370,18236,103,1,2026-09-19T16:10:22.514095Z
FreshTrace-Node-01,tomato,29.82,76.75,1013.25,31374,18234,102,1,2026-09-19T16:10:23.514095Z
FreshTrace-Node-01,tomato,29.83,76.75,1013.25,31369,18228,102,1,2026-09-19T16:10:24.514095Z
FreshTrace-Node-01,tomato,29.82,76.76,1013.25,31367,18227,102,1,2026-09-19T16:10:25.514095Z
FreshTrace-Node-01,tomato,29.82,76.77,1013.25,31372,18230,102,1,2026-09-19T16:10:26.514095Z
FreshTrace-Node-01,tomato,29.82,76.78,1013.25,31363,18225,102,1,2026-09-19T16:10:27.514095Z
FreshTrace-Node-01,tomato,29.83,76.78,1013.25,31368,18239,102,1,2026-09-19T16:10:28.514095Z
FreshTrace-Node-01,tomato,29.83,76.78,1013.25,31370,18225,102,1,2026-09-19T16:10:29.514095Z
FreshTrace-Node-01,tomato,29.83,76.83,1013.25,31363,18233,102,1,2026-09-19T16:10:30.514095Z
FreshTrace-Node-01,tomato,29.81,76.48,1013.25,31352,18219,102,1,2026-09-19T16:10:31.514095Z
FreshTrace-Node-01,tomato,29.8,76.24,1013.25,31364,18209,102,1,2026-09-19T16:10:32.514095Z
FreshTrace-Node-01,tomato,29.79,76.16,1013.25,31367,18212,102,1,2026-09-19T16:10:33.514095Z
FreshTrace-Node-01,tomato,29.79,76.19,1013.25,31364,18205,102,1,2026-09-19T16:10:34.514095Z
FreshTrace-Node-01,tomato,29.79,76.2,1013.25,31366,18209,102,1,2026-09-19T16:10:35.514095Z
FreshTrace-Node-01,tomato,29.79,76.12,1013.25,31357,18210,102,1,2026-09-19T16:10:36.514095Z
FreshTrace-Node-01,tomato,29.79,75.83,1013.25,31358,18204,102,1,2026-09-19T16:10:37.514095Z
FreshTrace-Node-01,tomato,29.78,75.3,1013.25,31354,18183,102,1,2026-09-19T16:10:38.514095Z
FreshTrace-Node-01,tomato,29.76,74.04,1013.25,31368,18148,102,1,2026-09-19T16:10:39.514095Z
FreshTrace-Node-01,tomato,29.75,73.84,1013.25,31395,18139,101,1,2026-09-19T16:10:40.514095Z
FreshTrace-Node-01,tomato,29.73,72.54,1013.25,31409,18112,100,1,2026-09-19T16:10:41.514095Z
FreshTrace-Node-01,tomato,29.71,72.07,1013.25,31425,18102,99,1,2026-09-19T16:10:42.514095Z
FreshTrace-Node-01,tomato,29.71,71.66,1013.25,31442,18085,98,1,2026-09-19T16:10:43.514095Z
FreshTrace-Node-01,tomato,29.7,71.68,1013.25,31452,18089,97,1,2026-09-19T16:10:44.514095Z
FreshTrace-Node-01,tomato,29.69,71.91,1013.25,31476,18099,95,1,2026-09-19T16:10:45.514095Z
FreshTrace-Node-01,tomato,29.68,71.13,1013.25,31497,18072,94,1,2026-09-19T16:10:46.514095Z
FreshTrace-Node-01,tomato,29.67,70.47,1013.25,31497,18059,92,1,2026-09-19T16:10:47.514095Z
FreshTrace-Node-01,tomato,29.66,70.17,1013.25,31523,18053,91,1,2026-09-19T16:10:48.514095Z
FreshTrace-Node-01,tomato,29.66,70.01,1013.25,31522,18058,90,1,2026-09-19T16:10:49.514095Z
FreshTrace-Node-01,tomato,29.65,69.76,1013.25,31536,18054,89,1,2026-09-19T16:10:50.514095Z
FreshTrace-Node-01,tomato,29.65,69.61,1013.25,31538,18048,88,1,2026-09-19T16:10:51.514095Z
FreshTrace-Node-01,tomato,29.58,82.39,1013.25,26162,0,0,0,2026-09-21T16:10:52.514095Z
FreshTrace-Node-01,tomato,29.6,82.5,1013.25,26558,0,0,0,2026-09-21T16:11:02.514095Z
FreshTrace-Node-01,tomato,29.62,82.62,1013.25,26751,0,0,0,2026-09-21T16:11:12.514095Z
FreshTrace-Node-01,tomato,29.64,82.73,1013.25,26844,0,0,0,2026-09-21T16:11:22.514095Z
FreshTrace-Node-01,tomato,29.65,82.82,1013.25,26902,0,0,0,2026-09-21T16:11:32.514095Z
FreshTrace-Node-01,tomato,29.67,82.92,1013.25,26922,0,0,0,2026-09-21T16:11:42.514095Z
FreshTrace-Node-01,tomato,29.68,83.01,1013.25,26933,0,0,0,2026-09-21T16:11:52.514095Z
FreshTrace-Node-01,tomato,29.7,83.11,1013.25,26956,0,0,0,2026-09-21T16:12:02.514095Z
FreshTrace-Node-01,tomato,29.71,83.23,1013.25,26946,0,0,0,2026-09-21T16:12:12.514095Z
FreshTrace-Node-01,tomato,29.73,83.32,1013.25,26952,18075,0,0,2026-09-21T16:12:22.514095Z
FreshTrace-Node-01,tomato,29.73,83.43,1013.25,26749,17973,0,0,2026-09-21T16:12:32.514095Z
FreshTrace-Node-01,tomato,29.75,83.53,1013.25,26627,17912,0,0,2026-09-21T16:12:42.514095Z
FreshTrace-Node-01,tomato,29.75,83.63,1013.25,26559,17873,0,0,2026-09-21T16:12:52.514095Z
FreshTrace-Node-01,tomato,29.77,83.74,1013.25,26506,17846,0,0,2026-09-21T16:13:02.514095Z
FreshTrace-Node-01,tomato,29.78,83.86,1013.25,26471,17815,0,0,2026-09-21T16:13:12.514095Z
FreshTrace-Node-01,tomato,29.79,83.96,1013.25,26454,17796,0,0,2026-09-21T16:13:22.514095Z
FreshTrace-Node-01,tomato,29.81,84.06,1013.25,26431,17778,0,0,2026-09-21T16:13:32.514095Z
FreshTrace-Node-01,tomato,29.81,84.18,1013.25,26407,17760,0,0,2026-09-21T16:13:42.514095Z
FreshTrace-Node-01,tomato,29.82,84.27,1013.25,26387,17741,0,0,2026-09-21T16:13:52.514095Z
FreshTrace-Node-01,tomato,29.83,84.4,1013.25,26369,17734,0,0,2026-09-21T16:14:02.514095Z
FreshTrace-Node-01,tomato,29.84,84.49,1013.25,26362,17720,0,0,2026-09-21T16:14:12.514095Z
FreshTrace-Node-01,tomato,29.85,84.59,1013.25,26348,17706,0,0,2026-09-21T16:14:22.514095Z
FreshTrace-Node-01,tomato,29.85,84.69,1013.25,26328,17692,0,0,2026-09-21T16:14:32.514095Z
FreshTrace-Node-01,tomato,29.86,84.78,1013.25,26316,17682,0,0,2026-09-21T16:14:42.514095Z
FreshTrace-Node-01,tomato,29.86,84.86,1013.25,26305,17661,0,0,2026-09-21T16:14:52.514095Z
FreshTrace-Node-01,tomato,29.87,84.97,1013.25,26292,17653,0,0,2026-09-21T16:15:02.514095Z
FreshTrace-Node-01,tomato,29.88,85.06,1013.25,26277,17643,0,0,2026-09-21T16:15:12.514095Z
FreshTrace-Node-01,tomato,29.89,85.13,1013.25,26258,17641,0,0,2026-09-21T16:15:22.514095Z
FreshTrace-Node-01,tomato,29.89,85.21,1013.25,26249,17625,0,0,2026-09-21T16:15:32.514095Z
FreshTrace-Node-01,tomato,29.9,85.32,1013.25,26233,17611,0,0,2026-09-21T16:15:42.514095Z
FreshTrace-Node-01,tomato,29.9,85.39,1013.25,26226,17610,0,0,2026-09-21T16:15:52.514095Z
FreshTrace-Node-01,tomato,29.91,85.49,1013.25,26206,17599,0,0,2026-09-21T16:16:02.514095Z
FreshTrace-Node-01,tomato,29.91,85.56,1013.25,26189,17585,0,0,2026-09-21T16:16:12.514095Z
FreshTrace-Node-01,tomato,29.91,85.66,1013.25,26178,17575,0,0,2026-09-21T16:16:22.514095Z
FreshTrace-Node-01,tomato,29.92,85.73,1013.25,26177,17570,0,0,2026-09-21T16:16:32.514095Z
FreshTrace-Node-01,tomato,29.92,85.81,1013.25,26160,17558,0,0,2026-09-21T16:16:42.514095Z
FreshTrace-Node-01,tomato,29.93,85.9,1013.25,26148,17553,0,0,2026-09-21T16:16:52.514095Z
FreshTrace-Node-01,tomato,29.94,85.98,1013.25,26143,17542,0,0,2026-09-21T16:17:02.514095Z
FreshTrace-Node-01,tomato,29.94,86.05,1013.25,26131,17536,0,0,2026-09-21T16:17:12.514095Z
FreshTrace-Node-01,tomato,29.94,86.15,1013.25,26107,17516,0,0,2026-09-21T16:17:22.514095Z
FreshTrace-Node-01,tomato,29.94,86.21,1013.25,26101,17516,0,0,2026-09-21T16:17:32.514095Z
FreshTrace-Node-01,tomato,29.95,86.29,1013.25,26086,17504,0,0,2026-09-21T16:17:42.514095Z
FreshTrace-Node-01,tomato,29.95,86.35,1013.25,26073,17495,0,0,2026-09-21T16:17:52.514095Z
FreshTrace-Node-01,tomato,29.96,86.44,1013.25,26068,17490,0,0,2026-09-21T16:18:02.514095Z
FreshTrace-Node-01,tomato,29.96,86.53,1013.25,26052,17486,0,0,2026-09-21T16:18:12.514095Z
FreshTrace-Node-01,tomato,29.96,86.6,1013.25,26052,17474,1,0,2026-09-21T16:18:22.514095Z
FreshTrace-Node-01,tomato,29.96,86.67,1013.25,26030,17467,1,0,2026-09-21T16:18:32.514095Z
FreshTrace-Node-01,tomato,29.97,86.76,1013.25,26033,17461,2,0,2026-09-21T16:18:42.514095Z
FreshTrace-Node-01,tomato,29.97,86.86,1013.25,26011,17451,4,0,2026-09-21T16:18:52.514095Z
FreshTrace-Node-01,tomato,29.98,86.92,1013.25,26000,17443,8,0,2026-09-21T16:19:02.514095Z
FreshTrace-Node-01,tomato,29.98,87.0,1013.25,25997,17433,13,0,2026-09-21T16:19:12.514095Z
FreshTrace-Node-01,tomato,29.98,87.06,1013.25,25988,17428,18,0,2026-09-21T16:19:22.514095Z
FreshTrace-Node-01,tomato,29.98,87.17,1013.25,25970,17422,23,0,2026-09-21T16:19:32.514095Z
FreshTrace-Node-01,tomato,29.99,87.25,1013.25,25971,17406,28,0,2026-09-21T16:19:42.514095Z
FreshTrace-Node-01,tomato,29.98,87.33,1013.25,25962,17410,34,0,2026-09-21T16:19:52.514095Z
FreshTrace-Node-01,tomato,29.99,87.42,1013.25,25940,17396,39,1,2026-09-21T16:20:02.514095Z
FreshTrace-Node-01,tomato,29.99,87.47,1013.25,25943,17394,44,1,2026-09-21T16:20:12.514095Z
FreshTrace-Node-01,tomato,29.99,87.56,1013.25,25926,17392,49,1,2026-09-21T16:20:22.514095Z
FreshTrace-Node-01,tomato,30.0,87.63,1013.25,25916,17383,54,1,2026-09-21T16:20:32.514095Z
FreshTrace-Node-01,tomato,30.0,87.71,1013.25,25923,17374,58,1,2026-09-21T16:20:42.514095Z
FreshTrace-Node-01,tomato,30.0,87.76,1013.25,25900,17356,63,1,2026-09-21T16:20:52.514095Z
FreshTrace-Node-01,tomato,30.0,87.84,1013.25,25901,17360,67,1,2026-09-21T16:21:02.514095Z
FreshTrace-Node-01,tomato,30.0,87.9,1013.25,25887,17355,72,1,2026-09-21T16:21:12.514095Z
FreshTrace-Node-01,tomato,30.0,87.98,1013.25,25875,17348,76,1,2026-09-21T16:21:22.514095Z
FreshTrace-Node-01,tomato,30.01,88.05,1013.25,25861,17344,80,1,2026-09-21T16:21:32.514095Z
FreshTrace-Node-01,tomato,30.0,88.12,1013.25,25854,17335,85,1,2026-09-21T16:21:42.514095Z
FreshTrace-Node-01,tomato,30.01,88.17,1013.25,25837,17333,89,1,2026-09-21T16:21:52.514095Z
FreshTrace-Node-01,tomato,30.01,88.23,1013.25,25837,17322,93,1,2026-09-21T16:22:02.514095Z
FreshTrace-Node-01,tomato,30.01,88.3,1013.25,25832,17314,96,1,2026-09-21T16:22:12.514095Z
FreshTrace-Node-01,tomato,30.01,88.36,1013.25,25821,17316,100,1,2026-09-21T16:22:22.514095Z
FreshTrace-Node-01,tomato,30.01,88.42,1013.25,25817,17309,104,1,2026-09-21T16:22:32.514095Z
FreshTrace-Node-01,tomato,30.01,88.48,1013.25,25803,17304,107,1,2026-09-21T16:22:42.514095Z
FreshTrace-Node-01,tomato,30.01,88.53,1013.25,25798,17288,110,1,2026-09-21T16:22:52.514095Z
FreshTrace-Node-01,tomato,30.01,88.59,1013.25,25795,17294,113,1,2026-09-21T16:23:02.514095Z
FreshTrace-Node-01,tomato,30.01,88.63,1013.25,25792,17283,116,1,2026-09-21T16:23:12.514095Z
FreshTrace-Node-01,tomato,30.01,88.68,1013.25,25779,17270,119,1,2026-09-21T16:23:22.514095Z
FreshTrace-Node-01,tomato,30.01,88.74,1013.25,25769,17271,122,1,2026-09-21T16:23:32.514095Z
FreshTrace-Node-01,tomato,30.02,88.79,1013.25,25771,17258,124,1,2026-09-21T16:23:42.514095Z
FreshTrace-Node-01,tomato,30.01,88.84,1013.25,25755,17261,127,1,2026-09-21T16:23:52.514095Z
FreshTrace-Node-01,tomato,30.01,88.86,1013.25,25740,17251,129,1,2026-09-21T16:24:02.514095Z
FreshTrace-Node-01,tomato,30.01,88.91,1013.25,25740,17254,132,1,2026-09-21T16:24:12.514095Z
FreshTrace-Node-01,tomato,30.01,88.94,1013.25,25747,17244,133,1,2026-09-21T16:24:22.514095Z
FreshTrace-Node-01,tomato,30.02,88.98,1013.25,25728,17239,136,1,2026-09-21T16:24:32.514095Z
FreshTrace-Node-01,tomato,30.01,89.0,1013.25,25717,17229,138,1,2026-09-21T16:24:42.514095Z
FreshTrace-Node-01,tomato,30.01,89.05,1013.25,25710,17228,140,1,2026-09-21T16:24:52.514095Z
FreshTrace-Node-01,tomato,30.01,89.08,1013.25,25706,17213,142,1,2026-09-21T16:25:02.514095Z
FreshTrace-Node-01,tomato,30.01,89.12,1013.25,25700,17216,143,1,2026-09-21T16:25:12.514095Z
FreshTrace-Node-01,tomato,30.01,89.15,1013.25,25698,17203,145,1,2026-09-21T16:25:22.514095Z
FreshTrace-Node-01,tomato,30.01,89.2,1013.25,25686,17202,146,1,2026-09-21T16:25:32.514095Z
FreshTrace-Node-01,tomato,30.01,89.25,1013.25,25671,17196,148,1,2026-09-21T16:25:42.514095Z
FreshTrace-Node-01,tomato,30.01,89.3,1013.25,25687,17192,149,1,2026-09-21T16:25:52.514095Z
FreshTrace-Node-01,tomato,30.01,89.35,1013.25,25681,17187,150,1,2026-09-21T16:26:02.514095Z
FreshTrace-Node-01,tomato,30.01,89.39,1013.25,25672,17179,151,1,2026-09-21T16:26:12.514095Z
FreshTrace-Node-01,tomato,30.01,89.44,1013.25,25660,17181,152,1,2026-09-21T16:26:22.514095Z
FreshTrace-Node-01,tomato,30.01,89.48,1013.25,25655,17175,153,1,2026-09-21T16:26:32.514095Z
FreshTrace-Node-01,tomato,30.01,89.53,1013.25,25654,17166,154,1,2026-09-21T16:26:42.514095Z
FreshTrace-Node-01,tomato,30.01,89.56,1013.25,25646,17165,155,1,2026-09-21T16:26:52.514095Z
FreshTrace-Node-01,tomato,30.02,89.62,1013.25,25646,17161,155,1,2026-09-21T16:27:02.514095Z
FreshTrace-Node-01,tomato,30.02,89.64,1013.25,25641,17158,156,1,2026-09-21T16:27:12.514095Z
FreshTrace-Node-01,tomato,30.01,89.69,1013.25,25635,17151,156,1,2026-09-21T16:27:22.514095Z
FreshTrace-Node-01,tomato,30.01,89.75,1013.25,25634,17150,157,1,2026-09-21T16:27:32.514095Z
FreshTrace-Node-01,tomato,30.02,89.8,1013.25,25622,17140,157,1,2026-09-21T16:27:42.514095Z
FreshTrace-Node-01,tomato,30.01,89.85,1013.25,25620,17135,158,1,2026-09-21T16:27:52.514095Z
FreshTrace-Node-01,tomato,30.02,89.89,1013.25,25620,17132,158,1,2026-09-21T16:28:02.514095Z
FreshTrace-Node-01,tomato,30.02,89.93,1013.25,25611,17135,158,1,2026-09-21T16:28:12.514095Z
FreshTrace-Node-01,tomato,30.02,89.98,1013.25,25616,17131,158,1,2026-09-21T16:28:22.514095Z
FreshTrace-Node-01,tomato,30.02,90.01,1013.25,25597,17128,158,1,2026-09-21T16:28:32.514095Z
FreshTrace-Node-01,tomato,30.02,90.05,1013.25,25589,17117,159,1,2026-09-21T16:28:42.514095Z
FreshTrace-Node-01,tomato,30.01,90.07,1013.25,25586,17116,159,1,2026-09-21T16:28:52.514095Z
FreshTrace-Node-01,tomato,30.01,90.11,1013.25,25584,17112,159,1,2026-09-21T16:29:02.514095Z
FreshTrace-Node-01,tomato,30.01,90.14,1013.25,25576,17109,160,1,2026-09-21T16:29:12.514095Z
FreshTrace-Node-01,tomato,30.01,90.16,1013.25,25570,17099,160,1,2026-09-21T16:29:22.514095Z
FreshTrace-Node-01,tomato,30.01,90.19,1013.25,25569,17094,160,1,2026-09-21T16:29:32.514095Z
FreshTrace-Node-01,tomato,30.01,90.22,1013.25,25563,17095,160,1,2026-09-21T16:29:42.514095Z
FreshTrace-Node-01,tomato,30.01,90.23,1013.25,25552,17085,160,1,2026-09-21T16:29:52.514095Z
FreshTrace-Node-01,tomato,30.0,90.27,1013.25,25539,17080,161,1,2026-09-21T16:30:02.514095Z
FreshTrace-Node-01,tomato,30.01,90.28,1013.25,25560,17084,160,1,2026-09-21T16:30:12.514095Z
FreshTrace-Node-01,tomato,30.0,90.3,1013.25,25549,17077,160,1,2026-09-21T16:30:22.514095Z
FreshTrace-Node-01,tomato,30.0,90.33,1013.25,25537,17072,160,1,2026-09-21T16:30:32.514095Z
FreshTrace-Node-01,tomato,30.0,90.35,1013.25,25536,17070,160,1,2026-09-21T16:30:42.514095Z
FreshTrace-Node-01,tomato,30.0,90.39,1013.25,25522,17062,160,1,2026-09-21T16:30:52.514095Z
FreshTrace-Node-01,tomato,30.0,90.4,1013.25,25527,17059,160,1,2026-09-21T16:31:02.514095Z
FreshTrace-Node-01,tomato,30.0,90.41,1013.25,25525,17051,160,1,2026-09-21T16:31:12.514095Z
FreshTrace-Node-01,tomato,29.99,90.45,1013.25,25514,17043,160,1,2026-09-21T16:31:22.514095Z
FreshTrace-Node-01,tomato,29.99,90.47,1013.25,25504,17052,160,1,2026-09-21T16:31:32.514095Z
FreshTrace-Node-01,tomato,29.99,90.48,1013.25,25503,17036,160,1,2026-09-21T16:31:42.514095Z
FreshTrace-Node-01,tomato,29.99,90.52,1013.25,25492,17039,160,1,2026-09-21T16:31:52.514095Z
FreshTrace-Node-01,tomato,29.99,90.54,1013.25,25495,17034,160,1,2026-09-21T16:32:02.514095Z
FreshTrace-Node-01,tomato,29.99,90.56,1013.25,25489,17028,160,1,2026-09-21T16:32:12.514095Z
FreshTrace-Node-01,tomato,29.99,90.59,1013.25,25480,17029,160,1,2026-09-21T16:32:22.514095Z
FreshTrace-Node-01,tomato,29.99,90.61,1013.25,25476,17020,160,1,2026-09-21T16:32:32.514095Z
FreshTrace-Node-01,tomato,29.99,90.64,1013.25,25477,17020,159,1,2026-09-21T16:32:42.514095Z
FreshTrace-Node-01,tomato,29.99,90.65,1013.25,25479,17019,159,1,2026-09-21T16:32:52.514095Z
FreshTrace-Node-01,tomato,29.98,90.68,1013.25,25461,17011,159,1,2026-09-21T16:33:02.514095Z
FreshTrace-Node-01,tomato,29.98,90.71,1013.25,25461,17013,159,1,2026-09-21T16:33:12.514095Z
FreshTrace-Node-01,tomato,29.99,90.73,1013.25,25461,17004,158,1,2026-09-21T16:33:22.514095Z
FreshTrace-Node-01,tomato,29.99,90.75,1013.25,25452,17011,158,1,2026-09-21T16:33:32.514095Z
FreshTrace-Node-01,tomato,29.99,90.76,1013.25,25449,16999,158,1,2026-09-21T16:33:42.514095Z
FreshTrace-Node-01,tomato,29.98,90.8,1013.25,25441,16995,158,1,2026-09-21T16:33:52.514095Z
FreshTrace-Node-01,tomato,29.98,90.81,1013.25,25444,16988,158,1,2026-09-21T16:34:02.514095Z
FreshTrace-Node-01,tomato,29.98,90.82,1013.25,25439,16992,157,1,2026-09-21T16:34:12.514095Z
FreshTrace-Node-01,tomato,29.98,90.82,1013.25,25441,16986,157,1,2026-09-21T16:34:22.514095Z
FreshTrace-Node-01,tomato,29.98,90.85,1013.25,25428,16985,157,1,2026-09-21T16:34:32.514095Z
FreshTrace-Node-01,tomato,29.97,90.85,1013.25,25434,16982,156,1,2026-09-21T16:34:42.514095Z
FreshTrace-Node-01,tomato,29.98,90.86,1013.25,25418,16973,156,1,2026-09-21T16:34:52.514095Z
FreshTrace-Node-01,tomato,29.97,90.87,1013.25,25414,16974,156,1,2026-09-21T16:35:02.514095Z
FreshTrace-Node-01,tomato,29.97,90.87,1013.25,25420,16967,155,1,2026-09-21T16:35:12.514095Z
FreshTrace-Node-01,tomato,29.97,90.88,1013.25,25417,16974,155,1,2026-09-21T16:35:22.514095Z
FreshTrace-Node-01,tomato,29.97,90.89,1013.25,25408,16969,154,1,2026-09-21T16:35:32.514095Z
FreshTrace-Node-01,tomato,29.96,90.9,1013.25,25397,16962,154,1,2026-09-21T16:35:42.514095Z
FreshTrace-Node-01,tomato,29.96,90.9,1013.25,25409,16959,154,1,2026-09-21T16:35:52.514095Z
FreshTrace-Node-01,tomato,29.96,90.93,1013.25,25396,16951,153,1,2026-09-21T16:36:02.514095Z
FreshTrace-Node-01,tomato,29.96,90.94,1013.25,25384,16945,153,1,2026-09-21T16:36:12.514095Z
FreshTrace-Node-01,tomato,29.96,90.97,1013.25,25390,16948,153,1,2026-09-21T16:36:22.514095Z
FreshTrace-Node-01,tomato,29.96,90.99,1013.25,25380,16947,153,1,2026-09-21T16:36:32.514095Z
FreshTrace-Node-01,tomato,29.96,91.01,1013.25,25383,16937,152,1,2026-09-21T16:36:42.514095Z
FreshTrace-Node-01,tomato,29.96,91.02,1013.25,25379,16940,152,1,2026-09-21T16:36:52.514095Z
FreshTrace-Node-01,tomato,29.96,91.04,1013.25,25363,16932,152,1,2026-09-21T16:37:02.514095Z
FreshTrace-Node-01,tomato,29.96,91.04,1013.25,25376,16936,151,1,2026-09-21T16:37:12.514095Z
FreshTrace-Node-01,tomato,29.96,91.08,1013.25,25364,16927,151,1,2026-09-21T16:37:22.514095Z
FreshTrace-Node-01,tomato,29.96,91.09,1013.25,25356,16933,151,1,2026-09-21T16:37:32.514095Z
FreshTrace-Node-01,tomato,29.96,91.1,1013.25,25351,16929,151,1,2026-09-21T16:37:42.514095Z
FreshTrace-Node-01,tomato,29.96,91.14,1013.25,25368,16928,150,1,2026-09-21T16:37:52.514095Z
FreshTrace-Node-01,tomato,29.96,91.14,1013.25,25353,16924,150,1,2026-09-21T16:38:02.514095Z
FreshTrace-Node-01,tomato,29.96,91.16,1013.25,25345,16920,150,1,2026-09-21T16:38:12.514095Z
FreshTrace-Node-01,tomato,29.96,91.16,1013.25,25351,16912,149,1,2026-09-21T16:38:22.514095Z
FreshTrace-Node-01,tomato,29.96,91.17,1013.25,25340,16916,149,1,2026-09-21T16:38:32.514095Z
FreshTrace-Node-01,tomato,29.96,91.2,1013.25,25351,16918,148,1,2026-09-21T16:38:42.514095Z
FreshTrace-Node-01,tomato,29.95,91.21,1013.25,25338,16916,148,1,2026-09-21T16:38:52.514095Z
FreshTrace-Node-01,tomato,29.95,91.22,1013.25,25339,16915,147,1,2026-09-21T16:39:02.514095Z
FreshTrace-Node-01,tomato,29.96,91.23,1013.25,25332,16905,147,1,2026-09-21T16:39:12.514095Z
FreshTrace-Node-01,tomato,29.95,91.24,1013.25,25335,16906,146,1,2026-09-21T16:39:22.514095Z
FreshTrace-Node-01,tomato,29.94,91.25,1013.25,25321,16898,146,1,2026-09-21T16:39:32.514095Z
FreshTrace-Node-01,tomato,29.95,91.27,1013.25,25324,16894,146,1,2026-09-21T16:39:42.514095Z
FreshTrace-Node-01,tomato,29.94,91.25,1013.25,25325,16893,145,1,2026-09-21T16:39:52.514095Z
FreshTrace-Node-01,tomato,29.94,91.27,1013.25,25306,16889,145,1,2026-09-21T16:40:02.514095Z
FreshTrace-Node-01,tomato,29.94,91.28,1013.25,25312,16890,145,1,2026-09-21T16:40:12.514095Z
FreshTrace-Node-01,tomato,29.94,91.28,1013.25,25315,16884,144,1,2026-09-21T16:40:22.514095Z
FreshTrace-Node-01,tomato,29.93,91.29,1013.25,25296,16884,144,1,2026-09-21T16:40:32.514095Z
FreshTrace-Node-01,tomato,29.93,91.29,1013.25,25292,16882,144,1,2026-09-21T16:40:42.514095Z
FreshTrace-Node-01,tomato,29.93,91.29,1013.25,25305,16884,144,1,2026-09-21T16:40:52.514095Z
FreshTrace-Node-01,tomato,29.93,91.3,1013.25,25311,16873,143,1,2026-09-21T16:41:02.514095Z
FreshTrace-Node-01,tomato,29.93,91.3,1013.25,25281,16875,143,1,2026-09-21T16:41:12.514095Z
FreshTrace-Node-01,tomato,29.93,91.3,1013.25,25291,16867,143,1,2026-09-21T16:41:22.514095Z
FreshTrace-Node-01,tomato,29.93,91.3,1013.25,25286,16871,142,1,2026-09-21T16:41:32.514095Z
FreshTrace-Node-01,tomato,29.93,91.32,1013.25,25281,16869,142,1,2026-09-21T16:41:42.514095Z
FreshTrace-Node-01,tomato,29.93,91.32,1013.25,25283,16863,142,1,2026-09-21T16:41:52.514095Z
FreshTrace-Node-01,tomato,29.92,91.33,1013.25,25271,16860,142,1,2026-09-21T16:42:02.514095Z
FreshTrace-Node-01,tomato,29.92,91.33,1013.25,25277,16860,141,1,2026-09-21T16:42:12.514095Z
FreshTrace-Node-01,tomato,29.93,91.36,1013.25,25271,16860,141,1,2026-09-21T16:42:22.514095Z
FreshTrace-Node-01,tomato,29.93,91.38,1013.25,25273,16853,141,1,2026-09-21T16:42:32.514095Z
FreshTrace-Node-01,tomato,29.93,91.39,1013.25,25271,16850,140,1,2026-09-21T16:42:42.514095Z
FreshTrace-Node-01,tomato,29.93,91.41,1013.25,25269,16855,140,1,2026-09-21T16:42:52.514095Z
FreshTrace-Node-01,tomato,29.93,91.44,1013.25,25259,16855,140,1,2026-09-21T16:43:02.514095Z
FreshTrace-Node-01,tomato,29.93,91.46,1013.25,25265,16855,139,1,2026-09-21T16:43:12.514095Z
FreshTrace-Node-01,tomato,29.93,91.49,1013.25,25258,16848,139,1,2026-09-21T16:43:22.514095Z
FreshTrace-Node-01,tomato,29.93,91.51,1013.25,25251,16848,139,1,2026-09-21T16:43:32.514095Z
FreshTrace-Node-01,tomato,29.94,91.55,1013.25,25260,16853,138,1,2026-09-21T16:43:42.514095Z
FreshTrace-Node-01,tomato,29.93,91.57,1013.25,25247,16843,138,1,2026-09-21T16:43:52.514095Z
FreshTrace-Node-01,tomato,29.93,91.6,1013.25,25251,16843,137,1,2026-09-21T16:44:02.514095Z
FreshTrace-Node-01,tomato,29.93,91.62,1013.25,25246,16840,137,1,2026-09-21T16:44:12.514095Z
FreshTrace-Node-01,tomato,29.93,91.64,1013.25,25246,16834,137,1,2026-09-21T16:44:22.514095Z
FreshTrace-Node-01,tomato,29.93,91.68,1013.25,25247,16833,136,1,2026-09-21T16:44:32.514095Z
FreshTrace-Node-01,tomato,29.94,91.73,1013.25,25241,16843,136,1,2026-09-21T16:44:42.514095Z
FreshTrace-Node-01,tomato,29.94,91.75,1013.25,25251,16842,135,1,2026-09-21T16:44:52.514095Z
FreshTrace-Node-01,tomato,29.94,91.78,1013.25,25250,16834,135,1,2026-09-21T16:45:02.514095Z
FreshTrace-Node-01,tomato,29.94,91.8,1013.25,25243,16838,134,1,2026-09-21T16:45:12.514095Z
FreshTrace-Node-01,tomato,29.94,91.83,1013.25,25225,16837,134,1,2026-09-21T16:45:22.514095Z
FreshTrace-Node-01,tomato,29.94,91.87,1013.25,25221,16823,134,1,2026-09-21T16:45:32.514095Z
FreshTrace-Node-01,tomato,29.94,91.89,1013.25,25226,16833,134,1,2026-09-21T16:45:42.514095Z
FreshTrace-Node-01,tomato,29.94,91.93,1013.25,25234,16828,133,1,2026-09-21T16:45:52.514095Z
FreshTrace-Node-01,tomato,29.93,91.96,1013.25,25219,16830,133,1,2026-09-21T16:46:02.514095Z
FreshTrace-Node-01,tomato,29.94,92.0,1013.25,25228,16826,132,1,2026-09-21T16:46:12.514095Z
FreshTrace-Node-01,tomato,29.94,92.02,1013.25,25222,16826,132,1,2026-09-21T16:46:22.514095Z
FreshTrace-Node-01,tomato,29.94,92.06,1013.25,25220,16825,132,1,2026-09-21T16:46:32.514095Z
FreshTrace-Node-01,tomato,29.94,92.08,1013.25,25216,16825,131,1,2026-09-21T16:46:42.514095Z
FreshTrace-Node-01,tomato,29.94,92.11,1013.25,25214,16825,131,1,2026-09-21T16:46:52.514095Z
FreshTrace-Node-01,tomato,29.94,92.14,1013.25,25214,16827,131,1,2026-09-21T16:47:02.514095Z
FreshTrace-Node-01,tomato,29.95,92.17,1013.25,25218,16825,130,1,2026-09-21T16:47:12.514095Z
FreshTrace-Node-01,tomato,29.94,92.19,1013.25,25207,16822,130,1,2026-09-21T16:47:22.514095Z
FreshTrace-Node-01,tomato,29.94,92.23,1013.25,25207,16813,130,1,2026-09-21T16:47:32.514095Z
FreshTrace-Node-01,tomato,29.94,92.25,1013.25,25197,16817,130,1,2026-09-21T16:47:42.514095Z
FreshTrace-Node-01,tomato,29.94,92.28,1013.25,25198,16815,130,1,2026-09-21T16:47:52.514095Z
FreshTrace-Node-01,tomato,29.94,92.31,1013.25,25197,16819,129,1,2026-09-21T16:48:02.514095Z
FreshTrace-Node-01,tomato,29.94,92.33,1013.25,25194,16817,129,1,2026-09-21T16:48:12.514095Z
FreshTrace-Node-01,tomato,29.94,92.36,1013.25,25195,16812,129,1,2026-09-21T16:48:22.514095Z
FreshTrace-Node-01,tomato,29.93,92.38,1013.25,25184,16814,129,1,2026-09-21T16:48:32.514095Z
FreshTrace-Node-01,tomato,29.93,92.41,1013.25,25178,16808,129,1,2026-09-21T16:48:42.514095Z
FreshTrace-Node-01,tomato,29.93,92.44,1013.25,25177,16807,129,1,2026-09-21T16:48:52.514095Z
FreshTrace-Node-01,tomato,29.94,92.46,1013.25,25190,16811,129,1,2026-09-21T16:49:02.514095Z
FreshTrace-Node-01,tomato,29.93,92.48,1013.25,25178,16794,128,1,2026-09-21T16:49:12.514095Z
FreshTrace-Node-01,tomato,29.94,92.51,1013.25,25169,16807,128,1,2026-09-21T16:49:22.514095Z
FreshTrace-Node-01,tomato,29.94,92.52,1013.25,25168,16799,128,1,2026-09-21T16:49:32.514095Z
FreshTrace-Node-01,tomato,29.93,92.54,1013.25,25158,16799,129,1,2026-09-21T16:49:42.514095Z
FreshTrace-Node-01,tomato,29.93,92.56,1013.25,25165,16794,129,1,2026-09-21T16:49:52.514095Z
FreshTrace-Node-01,tomato,29.93,92.58,1013.25,25156,16803,129,1,2026-09-21T16:50:02.514095Z
FreshTrace-Node-01,tomato,29.93,92.59,1013.25,25150,16802,129,1,2026-09-21T16:50:12.514095Z
FreshTrace-Node-01,tomato,29.93,92.6,1013.25,25158,16794,129,1,2026-09-21T16:50:22.514095Z
FreshTrace-Node-01,tomato,29.93,92.61,1013.25,25150,16795,129,1,2026-09-21T16:50:32.514095Z
FreshTrace-Node-01,tomato,29.92,92.62,1013.25,25154,16789,128,1,2026-09-21T16:50:42.514095Z
FreshTrace-Node-01,tomato,29.92,92.64,1013.25,25145,16789,128,1,2026-09-21T16:50:52.514095Z
FreshTrace-Node-01,tomato,29.92,92.65,1013.25,25151,16786,128,1,2026-09-21T16:51:02.514095Z
FreshTrace-Node-01,tomato,29.91,92.65,1013.25,25146,16792,128,1,2026-09-21T16:51:12.514095Z
FreshTrace-Node-01,tomato,29.91,92.66,1013.25,25146,16787,128,1,2026-09-21T16:51:22.514095Z
FreshTrace-Node-01,tomato,29.91,92.66,1013.25,25141,16793,128,1,2026-09-21T16:51:32.514095Z
FreshTrace-Node-01,tomato,29.91,92.66,1013.25,25143,16783,128,1,2026-09-21T16:51:42.514095Z
FreshTrace-Node-01,tomato,29.91,92.66,1013.25,25136,16777,128,1,2026-09-21T16:51:52.514095Z
FreshTrace-Node-01,tomato,29.9,92.66,1013.25,25138,16782,127,1,2026-09-21T16:52:02.514095Z
FreshTrace-Node-01,tomato,29.9,92.65,1013.25,25139,16776,127,1,2026-09-21T16:52:12.514095Z
FreshTrace-Node-01,tomato,29.9,92.66,1013.25,25138,16772,127,1,2026-09-21T16:52:22.514095Z
FreshTrace-Node-01,tomato,29.89,92.64,1013.25,25128,16774,127,1,2026-09-21T16:52:32.514095Z
FreshTrace-Node-01,tomato,29.89,92.64,1013.25,25122,16773,127,1,2026-09-21T16:52:42.514095Z
FreshTrace-Node-01,tomato,29.89,92.64,1013.25,25117,16769,127,1,2026-09-21T16:52:52.514095Z
FreshTrace-Node-01,tomato,29.89,92.63,1013.25,25117,16774,127,1,2026-09-21T16:53:02.514095Z
FreshTrace-Node-01,tomato,29.89,92.63,1013.25,25122,16770,127,1,2026-09-21T16:53:12.514095Z
FreshTrace-Node-01,tomato,29.88,92.62,1013.25,25118,16760,126,1,2026-09-21T16:53:22.514095Z
FreshTrace-Node-01,tomato,29.88,92.59,1013.25,25115,16763,126,1,2026-09-21T16:53:32.514095Z
FreshTrace-Node-01,tomato,29.88,92.59,1013.25,25102,16759,126,1,2026-09-21T16:53:42.514095Z
FreshTrace-Node-01,tomato,29.88,92.58,1013.25,25108,16751,126,1,2026-09-21T16:53:52.514095Z
FreshTrace-Node-01,tomato,29.88,92.59,1013.25,25109,16758,126,1,2026-09-21T16:54:02.514095Z
FreshTrace-Node-01,tomato,29.88,92.59,1013.25,25102,16752,126,1,2026-09-21T16:54:12.514095Z
FreshTrace-Node-01,tomato,29.87,92.59,1013.25,25107,16745,126,1,2026-09-21T16:54:22.514095Z
FreshTrace-Node-01,tomato,29.87,92.6,1013.25,25097,16749,126,1,2026-09-21T16:54:32.514095Z
FreshTrace-Node-01,tomato,29.87,92.6,1013.25,25102,16741,126,1,2026-09-21T16:54:42.514095Z
FreshTrace-Node-01,tomato,29.88,92.6,1013.25,25104,16750,125,1,2026-09-21T16:54:52.514095Z
FreshTrace-Node-01,tomato,29.88,92.63,1013.25,25098,16747,125,1,2026-09-21T16:55:02.514095Z
FreshTrace-Node-01,tomato,29.88,92.64,1013.25,25088,16749,125,1,2026-09-21T16:55:12.514095Z
FreshTrace-Node-01,tomato,29.88,92.65,1013.25,25088,16747,125,1,2026-09-21T16:55:22.514095Z
FreshTrace-Node-01,tomato,29.88,92.67,1013.25,25096,16741,125,1,2026-09-21T16:55:32.514095Z
FreshTrace-Node-01,tomato,29.88,92.69,1013.25,25095,16751,125,1,2026-09-21T16:55:42.514095Z
FreshTrace-Node-01,tomato,29.88,92.74,1013.25,25090,16740,124,1,2026-09-21T16:55:52.514095Z
FreshTrace-Node-01,tomato,29.88,92.71,1013.25,25092,16739,124,1,2026-09-21T16:56:02.514095Z
FreshTrace-Node-01,tomato,29.88,92.74,1013.25,25078,16741,124,1,2026-09-21T16:56:12.514095Z
FreshTrace-Node-01,tomato,29.88,92.75,1013.25,25082,16739,124,1,2026-09-21T16:56:22.514095Z
FreshTrace-Node-01,tomato,29.88,92.77,1013.25,25084,16733,124,1,2026-09-21T16:56:32.514095Z
FreshTrace-Node-01,tomato,29.88,92.78,1013.25,25084,16740,124,1,2026-09-21T16:56:42.514095Z
FreshTrace-Node-01,tomato,29.89,92.81,1013.25,25078,16741,123,1,2026-09-21T16:56:52.514095Z
FreshTrace-Node-01,tomato,29.88,92.83,1013.25,25076,16730,123,1,2026-09-21T16:57:02.514095Z
FreshTrace-Node-01,tomato,29.88,92.83,1013.25,25080,16738,123,1,2026-09-21T16:57:12.514095Z
FreshTrace-Node-01,tomato,29.88,92.86,1013.25,25084,16734,123,1,2026-09-21T16:57:22.514095Z
FreshTrace-Node-01,tomato,29.89,92.88,1013.25,25075,16736,122,1,2026-09-21T16:57:32.514095Z
FreshTrace-Node-01,tomato,29.88,92.89,1013.25,25077,16733,122,1,2026-09-21T16:57:42.514095Z
FreshTrace-Node-01,tomato,29.88,92.9,1013.25,25072,16734,122,1,2026-09-21T16:57:52.514095Z
FreshTrace-Node-01,tomato,29.88,92.93,1013.25,25076,16727,122,1,2026-09-21T16:58:02.514095Z
FreshTrace-Node-01,tomato,29.88,92.94,1013.25,25069,16729,121,1,2026-09-21T16:58:12.514095Z
FreshTrace-Node-01,tomato,29.89,92.95,1013.25,25061,16727,121,1,2026-09-21T16:58:22.514095Z
FreshTrace-Node-01,tomato,29.88,92.96,1013.25,25056,16731,121,1,2026-09-21T16:58:32.514095Z
FreshTrace-Node-01,tomato,29.88,92.97,1013.25,25064,16725,121,1,2026-09-21T16:58:42.514095Z
FreshTrace-Node-01,tomato,29.88,93.0,1013.25,25057,16723,121,1,2026-09-21T16:58:52.514095Z
FreshTrace-Node-01,tomato,29.88,93.0,1013.25,25052,16725,121,1,2026-09-21T16:59:02.514095Z
FreshTrace-Node-01,tomato,29.88,93.01,1013.25,25052,16729,121,1,2026-09-21T16:59:12.514095Z
FreshTrace-Node-01,tomato,29.88,93.03,1013.25,25048,16722,121,1,2026-09-21T16:59:22.514095Z
FreshTrace-Node-01,tomato,29.88,93.05,1013.25,25051,16722,121,1,2026-09-21T16:59:32.514095Z
FreshTrace-Node-01,tomato,29.88,93.07,1013.25,25049,16722,121,1,2026-09-21T16:59:42.514095Z
FreshTrace-Node-01,tomato,29.87,93.07,1013.25,25051,16722,121,1,2026-09-21T16:59:52.514095Z
FreshTrace-Node-01,tomato,29.88,93.09,1013.25,25046,16724,121,1,2026-09-21T17:00:02.514095Z
FreshTrace-Node-01,tomato,29.87,93.11,1013.25,25043,16721,121,1,2026-09-21T17:00:12.514095Z
FreshTrace-Node-01,tomato,29.88,93.13,1013.25,25045,16718,120,1,2026-09-21T17:00:22.514095Z
FreshTrace-Node-01,tomato,29.88,93.13,1013.25,25042,16715,120,1,2026-09-21T17:00:32.514095Z
FreshTrace-Node-01,tomato,29.87,93.16,1013.25,25037,16712,120,1,2026-09-21T17:00:42.514095Z
FreshTrace-Node-01,tomato,29.87,93.17,1013.25,25031,16706,120,1,2026-09-21T17:00:52.514095Z
FreshTrace-Node-01,tomato,29.87,93.19,1013.25,25040,16712,120,1,2026-09-21T17:01:02.514095Z
FreshTrace-Node-01,tomato,29.87,93.21,1013.25,25032,16715,120,1,2026-09-21T17:01:12.514095Z
FreshTrace-Node-01,tomato,29.88,93.23,1013.25,25026,16712,120,1,2026-09-21T17:01:22.514095Z
FreshTrace-Node-01,tomato,29.87,93.24,1013.25,25022,16709,120,1,2026-09-21T17:01:32.514095Z
FreshTrace-Node-01,tomato,29.87,93.26,1013.25,25022,16709,120,1,2026-09-21T17:01:42.514095Z
FreshTrace-Node-01,tomato,29.87,93.28,1013.25,25019,16702,120,1,2026-09-21T17:01:52.514095Z
FreshTrace-Node-01,tomato,29.88,93.33,1013.25,25020,16704,120,1,2026-09-21T17:02:02.514095Z
FreshTrace-Node-01,tomato,29.87,93.33,1013.25,25020,16708,120,1,2026-09-21T17:02:12.514095Z
FreshTrace-Node-01,tomato,29.87,93.35,1013.25,25012,16698,120,1,2026-09-21T17:02:22.514095Z
FreshTrace-Node-01,tomato,29.87,93.35,1013.25,25014,16701,120,1,2026-09-21T17:02:32.514095Z
FreshTrace-Node-01,tomato,29.87,93.36,1013.25,25021,16702,120,1,2026-09-21T17:02:42.514095Z
FreshTrace-Node-01,tomato,29.88,93.39,1013.25,25021,16694,120,1,2026-09-21T17:02:52.514095Z
FreshTrace-Node-01,tomato,29.87,93.41,1013.25,25006,16708,120,1,2026-09-21T17:03:02.514095Z
FreshTrace-Node-01,tomato,29.87,93.42,1013.25,25019,16706,120,1,2026-09-21T17:03:12.514095Z
FreshTrace-Node-01,tomato,29.88,93.43,1013.25,25017,16701,119,1,2026-09-21T17:03:22.514095Z
FreshTrace-Node-01,tomato,29.87,93.46,1013.25,25012,16692,119,1,2026-09-21T17:03:32.514095Z
FreshTrace-Node-01,tomato,29.87,93.47,1013.25,25014,16703,119,1,2026-09-21T17:03:42.514095Z
FreshTrace-Node-01,tomato,29.87,93.47,1013.25,25014,16696,119,1,2026-09-21T17:03:52.514095Z
FreshTrace-Node-01,tomato,29.86,93.49,1013.25,25005,16697,119,1,2026-09-21T17:04:02.514095Z
FreshTrace-Node-01,tomato,29.87,93.52,1013.25,25007,16700,118,1,2026-09-21T17:04:12.514095Z
FreshTrace-Node-01,tomato,29.87,93.52,1013.25,25014,16697,118,1,2026-09-21T17:04:22.514095Z
FreshTrace-Node-01,tomato,29.87,93.53,1013.25,24997,16695,118,1,2026-09-21T17:04:32.514095Z
FreshTrace-Node-01,tomato,29.86,93.54,1013.25,25005,16692,118,1,2026-09-21T17:04:42.514095Z
FreshTrace-Node-01,tomato,29.87,93.54,1013.25,25005,16694,118,1,2026-09-21T17:04:52.514095Z
FreshTrace-Node-01,tomato,29.87,93.56,1013.25,24992,16699,118,1,2026-09-21T17:05:02.514095Z
FreshTrace-Node-01,tomato,29.86,93.57,1013.25,24988,16692,118,1,2026-09-21T17:05:12.514095Z
FreshTrace-Node-01,tomato,29.86,93.58,1013.25,24990,16688,118,1,2026-09-21T17:05:22.514095Z
FreshTrace-Node-01,tomato,29.86,93.6,1013.25,24987,16688,118,1,2026-09-21T17:05:32.514095Z
FreshTrace-Node-01,tomato,29.86,93.61,1013.25,24988,16692,118,1,2026-09-21T17:05:42.514095Z
FreshTrace-Node-01,tomato,29.86,93.62,1013.25,24986,16690,118,1,2026-09-21T17:05:52.514095Z
FreshTrace-Node-01,tomato,29.86,93.63,1013.25,24983,16687,118,1,2026-09-21T17:06:02.514095Z
FreshTrace-Node-01,tomato,29.86,93.66,1013.25,24979,16690,118,1,2026-09-21T17:06:12.514095Z
FreshTrace-Node-01,tomato,29.86,93.68,1013.25,24972,16687,118,1,2026-09-21T17:06:22.514095Z
FreshTrace-Node-01,tomato,29.86,93.69,1013.25,24970,16690,118,1,2026-09-21T17:06:32.514095Z
FreshTrace-Node-01,tomato,29.86,93.7,1013.25,24978,16685,118,1,2026-09-21T17:06:42.514095Z
FreshTrace-Node-01,tomato,29.86,93.71,1013.25,24979,16688,118,1,2026-09-21T17:06:52.514095Z
FreshTrace-Node-01,tomato,29.86,93.73,1013.25,24969,16679,118,1,2026-09-21T17:07:02.514095Z
FreshTrace-Node-01,tomato,29.86,93.74,1013.25,24975,16691,118,1,2026-09-21T17:07:12.514095Z
FreshTrace-Node-01,tomato,29.86,93.76,1013.25,24974,16684,118,1,2026-09-21T17:07:22.514095Z
FreshTrace-Node-01,tomato,29.86,93.79,1013.25,24968,16688,118,1,2026-09-21T17:07:32.514095Z
FreshTrace-Node-01,tomato,29.86,93.8,1013.25,24968,16680,118,1,2026-09-21T17:07:42.514095Z
FreshTrace-Node-01,tomato,29.86,93.81,1013.25,24969,16672,118,1,2026-09-21T17:07:52.514095Z
FreshTrace-Node-01,tomato,29.86,93.83,1013.25,24968,16681,118,1,2026-09-21T17:08:02.514095Z
FreshTrace-Node-01,tomato,29.86,93.85,1013.25,24962,16677,118,1,2026-09-21T17:08:12.514095Z
FreshTrace-Node-01,tomato,29.86,93.87,1013.25,24965,16677,117,1,2026-09-21T17:08:22.514095Z
FreshTrace-Node-01,tomato,29.86,93.87,1013.25,24959,16677,117,1,2026-09-21T17:08:32.514095Z
FreshTrace-Node-01,tomato,29.86,93.89,1013.25,24965,16679,117,1,2026-09-21T17:08:42.514095Z
FreshTrace-Node-01,tomato,29.85,93.89,1013.25,24951,16679,117,1,2026-09-21T17:08:52.514095Z
FreshTrace-Node-01,tomato,29.85,93.89,1013.25,24962,16672,117,1,2026-09-21T17:09:02.514095Z
FreshTrace-Node-01,tomato,29.85,93.89,1013.25,24954,16676,117,1,2026-09-21T17:09:12.514095Z
FreshTrace-Node-01,tomato,29.84,93.91,1013.25,24961,16673,117,1,2026-09-21T17:09:22.514095Z
FreshTrace-Node-01,tomato,29.85,93.93,1013.25,24954,16666,117,1,2026-09-21T17:09:32.514095Z
FreshTrace-Node-01,tomato,29.84,93.91,1013.25,24959,16670,116,1,2026-09-21T17:09:42.514095Z
FreshTrace-Node-01,tomato,29.84,93.9,1013.25,24948,16671,117,1,2026-09-21T17:09:52.514095Z
FreshTrace-Node-01,tomato,29.84,93.91,1013.25,24948,16666,116,1,2026-09-21T17:10:02.514095Z
FreshTrace-Node-01,tomato,29.84,93.92,1013.25,24944,16669,116,1,2026-09-21T17:10:12.514095Z
FreshTrace-Node-01,tomato,29.83,93.92,1013.25,24946,16669,116,1,2026-09-21T17:10:22.514095Z
FreshTrace-Node-01,tomato,29.84,93.91,1013.25,24939,16665,116,1,2026-09-21T17:10:32.514095Z
FreshTrace-Node-01,tomato,29.83,93.91,1013.25,24939,16663,117,1,2026-09-21T17:10:42.514095Z
FreshTrace-Node-01,tomato,29.83,93.93,1013.25,24946,16663,116,1,2026-09-21T17:10:52.514095Z
FreshTrace-Node-01,tomato,29.83,93.92,1013.25,24937,16660,116,1,2026-09-21T17:11:02.514095Z
FreshTrace-Node-01,tomato,29.83,93.93,1013.25,24938,16659,116,1,2026-09-21T17:11:12.514095Z
FreshTrace-Node-01,tomato,29.83,93.93,1013.25,24937,16662,116,1,2026-09-21T17:11:22.514095Z
FreshTrace-Node-01,tomato,29.83,93.92,1013.25,24934,16657,116,1,2026-09-21T17:11:32.514095Z
FreshTrace-Node-01,tomato,29.83,93.93,1013.25,24920,16658,116,1,2026-09-21T17:11:42.514095Z
FreshTrace-Node-01,tomato,29.82,93.93,1013.25,24931,16650,116,1,2026-09-21T17:11:52.514095Z
FreshTrace-Node-01,tomato,29.83,93.95,1013.25,24934,16657,116,1,2026-09-21T17:12:02.514095Z
FreshTrace-Node-01,tomato,29.82,93.94,1013.25,24919,16656,116,1,2026-09-21T17:12:12.514095Z
FreshTrace-Node-01,tomato,29.82,93.93,1013.25,24938,16656,116,1,2026-09-21T17:12:22.514095Z
FreshTrace-Node-01,tomato,29.82,93.96,1013.25,24932,16653,116,1,2026-09-21T17:12:32.514095Z
FreshTrace-Node-01,tomato,29.82,93.96,1013.25,24928,16651,116,1,2026-09-21T17:12:42.514095Z
FreshTrace-Node-01,tomato,29.82,93.96,1013.25,24914,16645,116,1,2026-09-21T17:12:52.514095Z
FreshTrace-Node-01,tomato,29.82,93.97,1013.25,24919,16651,116,1,2026-09-21T17:13:02.514095Z
FreshTrace-Node-01,tomato,29.82,93.98,1013.25,24917,16653,116,1,2026-09-21T17:13:12.514095Z
FreshTrace-Node-01,tomato,29.82,93.99,1013.25,24917,16646,116,1,2026-09-21T17:13:22.514095Z
FreshTrace-Node-01,tomato,29.82,94.0,1013.25,24913,16651,116,1,2026-09-21T17:13:32.514095Z
FreshTrace-Node-01,tomato,29.82,94.0,1013.25,24914,16644,116,1,2026-09-21T17:13:42.514095Z
FreshTrace-Node-01,tomato,29.82,94.02,1013.25,24913,16641,116,1,2026-09-21T17:13:52.514095Z
FreshTrace-Node-01,tomato,29.82,94.03,1013.25,24915,16648,116,1,2026-09-21T17:14:02.514095Z
FreshTrace-Node-01,tomato,29.82,94.04,1013.25,24911,16645,116,1,2026-09-21T17:14:12.514095Z
FreshTrace-Node-01,tomato,29.83,94.05,1013.25,24910,16643,116,1,2026-09-21T17:14:22.514095Z
FreshTrace-Node-01,tomato,29.83,94.07,1013.25,24912,16647,116,1,2026-09-21T17:14:32.514095Z
FreshTrace-Node-01,tomato,29.82,94.09,1013.25,24913,16646,115,1,2026-09-21T17:14:42.514095Z
FreshTrace-Node-01,tomato,29.82,94.1,1013.25,24899,16642,115,1,2026-09-21T17:14:52.514095Z
FreshTrace-Node-01,tomato,29.82,94.1,1013.25,24908,16639,115,1,2026-09-21T17:15:02.514095Z
FreshTrace-Node-01,tomato,29.82,94.12,1013.25,24908,16640,115,1,2026-09-21T17:15:12.514095Z
FreshTrace-Node-01,tomato,29.82,94.12,1013.25,24903,16636,115,1,2026-09-21T17:15:22.514095Z
FreshTrace-Node-01,tomato,29.82,94.12,1013.25,24905,16644,115,1,2026-09-21T17:15:32.514095Z
FreshTrace-Node-01,tomato,29.82,94.13,1013.25,24900,16644,115,1,2026-09-21T17:15:42.514095Z
FreshTrace-Node-01,tomato,29.82,94.13,1013.25,24898,16633,115,1,2026-09-21T17:15:52.514095Z
FreshTrace-Node-01,tomato,29.82,94.13,1013.25,24900,16630,115,1,2026-09-21T17:16:02.514095Z
FreshTrace-Node-01,tomato,29.82,94.14,1013.25,24895,16638,115,1,2026-09-21T17:16:12.514095Z
FreshTrace-Node-01,tomato,29.82,94.13,1013.25,24892,16638,115,1,2026-09-21T17:16:22.514095Z
FreshTrace-Node-01,tomato,29.81,94.14,1013.25,24892,16630,115,1,2026-09-21T17:16:32.514095Z
FreshTrace-Node-01,tomato,29.81,94.16,1013.25,24891,16633,115,1,2026-09-21T17:16:42.514095Z
FreshTrace-Node-01,tomato,29.82,94.16,1013.25,24892,16634,115,1,2026-09-21T17:16:52.514095Z
FreshTrace-Node-01,tomato,29.82,94.16,1013.25,24888,16629,115,1,2026-09-21T17:17:02.514095Z
FreshTrace-Node-01,tomato,29.81,94.16,1013.25,24879,16627,115,1,2026-09-21T17:17:12.514095Z
FreshTrace-Node-01,tomato,29.81,94.17,1013.25,24880,16629,115,1,2026-09-21T17:17:22.514095Z
FreshTrace-Node-01,tomato,29.81,94.17,1013.25,24880,16631,115,1,2026-09-21T17:17:32.514095Z
FreshTrace-Node-01,tomato,29.81,94.19,1013.25,24876,16625,115,1,2026-09-21T17:17:42.514095Z
FreshTrace-Node-01,tomato,29.81,94.2,1013.25,24879,16624,115,1,2026-09-21T17:17:52.514095Z
FreshTrace-Node-01,tomato,29.81,94.2,1013.25,24876,16631,115,1,2026-09-21T17:18:02.514095Z
FreshTrace-Node-01,tomato,29.81,94.21,1013.25,24886,16637,115,1,2026-09-21T17:18:12.514095Z
FreshTrace-Node-01,tomato,29.81,94.2,1013.25,24875,16629,115,1,2026-09-21T17:18:22.514095Z
FreshTrace-Node-01,tomato,29.81,94.25,1013.25,24876,16623,115,1,2026-09-21T17:18:32.514095Z
FreshTrace-Node-01,tomato,29.81,94.25,1013.25,24885,16626,114,1,2026-09-21T17:18:42.514095Z
FreshTrace-Node-01,tomato,29.81,94.26,1013.25,24876,16630,114,1,2026-09-21T17:18:52.514095Z
FreshTrace-Node-01,tomato,29.81,94.29,1013.25,24885,16617,114,1,2026-09-21T17:19:02.514095Z
FreshTrace-Node-01,tomato,29.81,94.3,1013.25,24881,16627,114,1,2026-09-21T17:19:12.514095Z
FreshTrace-Node-01,tomato,29.81,94.29,1013.25,24865,16619,114,1,2026-09-21T17:19:22.514095Z
FreshTrace-Node-01,tomato,29.82,94.33,1013.25,24887,16624,113,1,2026-09-21T17:19:32.514095Z
FreshTrace-Node-01,tomato,29.81,94.33,1013.25,24879,16622,113,1,2026-09-21T17:19:42.514095Z
FreshTrace-Node-01,tomato,29.82,94.35,1013.25,24880,16624,113,1,2026-09-21T17:19:52.514095Z
FreshTrace-Node-01,tomato,29.82,94.37,1013.25,24876,16628,113,1,2026-09-21T17:20:02.514095Z
FreshTrace-Node-01,tomato,29.82,94.39,1013.25,24879,16625,113,1,2026-09-21T17:20:12.514095Z
FreshTrace-Node-01,tomato,29.81,94.41,1013.25,24879,16625,112,1,2026-09-21T17:20:22.514095Z
FreshTrace-Node-01,tomato,29.82,94.42,1013.25,24876,16626,112,1,2026-09-21T17:20:32.514095Z
FreshTrace-Node-01,tomato,29.82,94.43,1013.25,24868,16617,112,1,2026-09-21T17:20:42.514095Z
FreshTrace-Node-01,tomato,29.82,94.44,1013.25,24875,16624,112,1,2026-09-21T17:20:52.514095Z
FreshTrace-Node-01,tomato,29.82,94.46,1013.25,24862,16622,112,1,2026-09-21T17:21:02.514095Z
FreshTrace-Node-01,tomato,29.81,94.46,1013.25,24882,16618,111,1,2026-09-21T17:21:12.514095Z
FreshTrace-Node-01,tomato,29.81,94.48,1013.25,24874,16621,111,1,2026-09-21T17:21:22.514095Z
FreshTrace-Node-01,tomato,29.82,94.49,1013.25,24874,16623,111,1,2026-09-21T17:21:32.514095Z
FreshTrace-Node-01,tomato,29.82,94.51,1013.25,24864,16616,111,1,2026-09-21T17:21:42.514095Z
FreshTrace-Node-01,tomato,29.82,94.52,1013.25,24864,16611,111,1,2026-09-21T17:21:52.514095Z
FreshTrace-Node-01,tomato,29.81,94.52,1013.25,24859,16615,111,1,2026-09-21T17:22:02.514095Z
FreshTrace-Node-01,tomato,29.82,94.54,1013.25,24861,16619,111,1,2026-09-21T17:22:12.514095Z
FreshTrace-Node-01,tomato,29.81,94.54,1013.25,24860,16617,111,1,2026-09-21T17:22:22.514095Z
FreshTrace-Node-01,tomato,29.82,94.56,1013.25,24863,16617,111,1,2026-09-21T17:22:32.514095Z
FreshTrace-Node-01,tomato,29.82,94.56,1013.25,24858,16620,111,1,2026-09-21T17:22:42.514095Z
FreshTrace-Node-01,tomato,29.82,94.58,1013.25,24851,16609,111,1,2026-09-21T17:22:52.514095Z
FreshTrace-Node-01,tomato,29.81,94.58,1013.25,24861,16617,111,1,2026-09-21T17:23:02.514095Z
FreshTrace-Node-01,tomato,29.81,94.59,1013.25,24858,16614,111,1,2026-09-21T17:23:12.514095Z
FreshTrace-Node-01,tomato,29.81,94.61,1013.25,24850,16618,111,1,2026-09-21T17:23:22.514095Z
FreshTrace-Node-01,tomato,29.81,94.62,1013.25,24850,16617,111,1,2026-09-21T17:23:32.514095Z
FreshTrace-Node-01,tomato,29.81,94.64,1013.25,24854,16620,111,1,2026-09-21T17:23:42.514095Z
FreshTrace-Node-01,tomato,29.81,94.64,1013.25,24841,16614,111,1,2026-09-21T17:23:52.514095Z
FreshTrace-Node-01,tomato,29.81,94.65,1013.25,24842,16612,111,1,2026-09-21T17:24:02.514095Z
FreshTrace-Node-01,tomato,29.81,94.66,1013.25,24835,16611,111,1,2026-09-21T17:24:12.514095Z
FreshTrace-Node-01,tomato,29.81,94.68,1013.25,24846,16612,111,1,2026-09-21T17:24:22.514095Z
FreshTrace-Node-01,tomato,29.81,94.68,1013.25,24844,16612,111,1,2026-09-21T17:24:32.514095Z
FreshTrace-Node-01,tomato,29.8,94.69,1013.25,24831,16612,112,1,2026-09-21T17:24:42.514095Z
FreshTrace-Node-01,tomato,29.81,94.69,1013.25,24833,16607,112,1,2026-09-21T17:24:52.514095Z
FreshTrace-Node-01,tomato,29.81,94.71,1013.25,24840,16612,112,1,2026-09-21T17:25:02.514095Z
FreshTrace-Node-01,tomato,29.8,94.72,1013.25,24833,16604,112,1,2026-09-21T17:25:12.514095Z
FreshTrace-Node-01,tomato,29.81,94.72,1013.25,24829,16603,112,1,2026-09-21T17:25:22.514095Z
FreshTrace-Node-01,tomato,29.8,94.75,1013.25,24837,16611,112,1,2026-09-21T17:25:32.514095Z
FreshTrace-Node-01,tomato,29.8,94.75,1013.25,24839,16609,112,1,2026-09-21T17:25:42.514095Z
FreshTrace-Node-01,tomato,29.8,94.75,1013.25,24827,16607,112,1,2026-09-21T17:25:52.514095Z
FreshTrace-Node-01,tomato,29.8,94.76,1013.25,24831,16607,112,1,2026-09-21T17:26:02.514095Z
FreshTrace-Node-01,tomato,29.8,94.76,1013.25,24821,16611,112,1,2026-09-21T17:26:12.514095Z
FreshTrace-Node-01,tomato,29.8,94.77,1013.25,24836,16604,112,1,2026-09-21T17:26:22.514095Z
FreshTrace-Node-01,tomato,29.8,94.76,1013.25,24820,16604,112,1,2026-09-21T17:26:32.514095Z
FreshTrace-Node-01,tomato,29.8,94.76,1013.25,24819,16600,112,1,2026-09-21T17:26:42.514095Z
FreshTrace-Node-01,tomato,29.79,94.75,1013.25,24820,16600,112,1,2026-09-21T17:26:52.514095Z
FreshTrace-Node-01,tomato,29.79,94.75,1013.25,24826,16597,112,1,2026-09-21T17:27:02.514095Z
FreshTrace-Node-01,tomato,29.79,94.74,1013.25,24831,16600,112,1,2026-09-21T17:27:12.514095Z
FreshTrace-Node-01,tomato,29.79,94.74,1013.25,24827,16603,112,1,2026-09-21T17:27:22.514095Z
FreshTrace-Node-01,tomato,29.79,94.75,1013.25,24823,16595,112,1,2026-09-21T17:27:32.514095Z
FreshTrace-Node-01,tomato,29.78,94.75,1013.25,24821,16596,112,1,2026-09-21T17:27:42.514095Z
FreshTrace-Node-01,tomato,29.78,94.75,1013.25,24817,16593,112,1,2026-09-21T17:27:52.514095Z
FreshTrace-Node-01,tomato,29.78,94.75,1013.25,24817,16597,112,1,2026-09-21T17:28:02.514095Z
FreshTrace-Node-01,tomato,29.78,94.75,1013.25,24814,16598,112,1,2026-09-21T17:28:12.514095Z
FreshTrace-Node-01,tomato,29.78,94.76,1013.25,24814,16601,112,1,2026-09-21T17:28:22.514095Z
FreshTrace-Node-01,tomato,29.78,94.76,1013.25,24817,16589,112,1,2026-09-21T17:28:32.514095Z
FreshTrace-Node-01,tomato,29.78,94.78,1013.25,24823,16586,111,1,2026-09-21T17:28:42.514095Z
FreshTrace-Node-01,tomato,29.78,94.78,1013.25,24821,16593,111,1,2026-09-21T17:28:52.514095Z
FreshTrace-Node-01,tomato,29.78,94.8,1013.25,24810,16594,111,1,2026-09-21T17:29:02.514095Z
FreshTrace-Node-01,tomato,29.78,94.79,1013.25,24817,16593,111,1,2026-09-21T17:29:12.514095Z
FreshTrace-Node-01,tomato,29.78,94.81,1013.25,24801,16592,111,1,2026-09-21T17:29:22.514095Z
FreshTrace-Node-01,tomato,29.78,94.81,1013.25,24807,16592,111,1,2026-09-21T17:29:32.514095Z
FreshTrace-Node-01,tomato,29.78,94.81,1013.25,24816,16589,111,1,2026-09-21T17:29:42.514095Z
FreshTrace-Node-01,tomato,29.78,94.82,1013.25,24802,16591,111,1,2026-09-21T17:29:52.514095Z
FreshTrace-Node-01,tomato,29.78,94.84,1013.25,24801,16592,111,1,2026-09-21T17:30:02.514095Z
FreshTrace-Node-01,tomato,29.78,94.85,1013.25,24793,16587,112,1,2026-09-21T17:30:12.514095Z
FreshTrace-Node-01,tomato,29.78,94.86,1013.25,24797,16588,112,1,2026-09-21T17:30:22.514095Z
FreshTrace-Node-01,tomato,29.78,94.86,1013.25,24795,16582,112,1,2026-09-21T17:30:32.514095Z
FreshTrace-Node-01,tomato,29.78,94.87,1013.25,24802,16582,112,1,2026-09-21T17:30:42.514095Z
FreshTrace-Node-01,tomato,29.78,94.88,1013.25,24801,16585,112,1,2026-09-21T17:30:52.514095Z
FreshTrace-Node-01,tomato,29.78,94.89,1013.25,24810,16586,111,1,2026-09-21T17:31:02.514095Z
FreshTrace-Node-01,tomato,29.78,94.92,1013.25,24793,16582,111,1,2026-09-21T17:31:12.514095Z
FreshTrace-Node-01,tomato,29.78,94.91,1013.25,24800,16587,111,1,2026-09-21T17:31:22.514095Z
FreshTrace-Node-01,tomato,29.79,94.93,1013.25,24796,16588,111,1,2026-09-21T17:31:32.514095Z
FreshTrace-Node-01,tomato,29.78,94.94,1013.25,24794,16581,111,1,2026-09-21T17:31:42.514095Z
FreshTrace-Node-01,tomato,29.78,94.95,1013.25,24791,16588,111,1,2026-09-21T17:31:52.514095Z
FreshTrace-Node-01,tomato,29.78,94.98,1013.25,24785,16587,111,1,2026-09-21T17:32:02.514095Z
FreshTrace-Node-01,tomato,29.79,94.98,1013.25,24789,16583,111,1,2026-09-21T17:32:12.514095Z
FreshTrace-Node-01,tomato,29.79,94.99,1013.25,24785,16584,111,1,2026-09-21T17:32:22.514095Z
FreshTrace-Node-01,tomato,29.79,95.0,1013.25,24796,16586,111,1,2026-09-21T17:32:32.514095Z
FreshTrace-Node-01,tomato,29.79,95.01,1013.25,24795,16582,111,1,2026-09-21T17:32:42.514095Z
FreshTrace-Node-01,tomato,29.79,95.0,1013.25,24784,16583,111,1,2026-09-21T17:32:52.514095Z
FreshTrace-Node-01,tomato,29.79,95.03,1013.25,24783,16585,111,1,2026-09-21T17:33:02.514095Z
FreshTrace-Node-01,tomato,29.78,95.05,1013.25,24783,16583,111,1,2026-09-21T17:33:12.514095Z
FreshTrace-Node-01,tomato,29.79,95.05,1013.25,24790,16584,111,1,2026-09-21T17:33:22.514095Z
FreshTrace-Node-01,tomato,29.79,95.06,1013.25,24785,16579,111,1,2026-09-21T17:33:32.514095Z
FreshTrace-Node-01,tomato,29.78,95.08,1013.25,24795,16582,111,1,2026-09-21T17:33:42.514095Z
FreshTrace-Node-01,tomato,29.78,95.08,1013.25,24784,16580,110,1,2026-09-21T17:33:52.514095Z
FreshTrace-Node-01,tomato,29.79,95.1,1013.25,24776,16582,111,1,2026-09-21T17:34:02.514095Z
FreshTrace-Node-01,tomato,29.79,95.11,1013.25,24765,16582,111,1,2026-09-21T17:34:12.514095Z
FreshTrace-Node-01,tomato,29.79,95.11,1013.25,24770,16577,111,1,2026-09-21T17:34:22.514095Z
FreshTrace-Node-01,tomato,29.79,95.12,1013.25,24781,16573,111,1,2026-09-21T17:34:32.514095Z
FreshTrace-Node-01,tomato,29.79,95.13,1013.25,24779,16580,111,1,2026-09-21T17:34:42.514095Z
FreshTrace-Node-01,tomato,29.78,95.13,1013.25,24770,16580,111,1,2026-09-21T17:34:52.514095Z
FreshTrace-Node-01,tomato,29.79,95.14,1013.25,24768,16581,111,1,2026-09-21T17:35:02.514095Z
FreshTrace-Node-01,tomato,29.79,95.13,1013.25,24768,16576,111,1,2026-09-21T17:35:12.514095Z
FreshTrace-Node-01,tomato,29.78,95.16,1013.25,24775,16575,111,1,2026-09-21T17:35:22.514095Z
FreshTrace-Node-01,tomato,29.78,95.17,1013.25,24764,16569,111,1,2026-09-21T17:35:32.514095Z
FreshTrace-Node-01,tomato,29.78,95.16,1013.25,24774,16570,111,1,2026-09-21T17:35:42.514095Z
FreshTrace-Node-01,tomato,29.78,95.19,1013.25,24764,16580,111,1,2026-09-21T17:35:52.514095Z
FreshTrace-Node-01,tomato,29.78,95.19,1013.25,24761,16571,111,1,2026-09-21T17:36:02.514095Z
FreshTrace-Node-01,tomato,29.77,95.19,1013.25,24769,16574,111,1,2026-09-21T17:36:12.514095Z
FreshTrace-Node-01,tomato,29.78,95.2,1013.25,24763,16573,111,1,2026-09-21T17:36:22.514095Z
FreshTrace-Node-01,tomato,29.77,95.2,1013.25,24765,16566,111,1,2026-09-21T17:36:32.514095Z
FreshTrace-Node-01,tomato,29.77,95.23,1013.25,24758,16573,111,1,2026-09-21T17:36:42.514095Z
FreshTrace-Node-01,tomato,29.77,95.23,1013.25,24761,16575,111,1,2026-09-21T17:36:52.514095Z
FreshTrace-Node-01,tomato,29.78,95.24,1013.25,24762,16571,111,1,2026-09-21T17:37:02.514095Z
FreshTrace-Node-01,tomato,29.77,95.25,1013.25,24756,16576,111,1,2026-09-21T17:37:12.514095Z
FreshTrace-Node-01,tomato,29.77,95.25,1013.25,24761,16572,111,1,2026-09-21T17:37:22.514095Z
FreshTrace-Node-01,tomato,29.77,95.27,1013.25,24748,16575,111,1,2026-09-21T17:37:32.514095Z
FreshTrace-Node-01,tomato,29.78,95.27,1013.25,24761,16573,111,1,2026-09-21T17:37:42.514095Z
FreshTrace-Node-01,tomato,29.78,95.29,1013.25,24755,16577,111,1,2026-09-21T17:37:52.514095Z
FreshTrace-Node-01,tomato,29.77,95.3,1013.25,24741,16573,111,1,2026-09-21T17:38:02.514095Z
FreshTrace-Node-01,tomato,29.77,95.31,1013.25,24748,16571,111,1,2026-09-21T17:38:12.514095Z
FreshTrace-Node-01,tomato,29.77,95.32,1013.25,24758,16568,111,1,2026-09-21T17:38:22.514095Z
FreshTrace-Node-01,tomato,29.77,95.33,1013.25,24750,16575,111,1,2026-09-21T17:38:32.514095Z
FreshTrace-Node-01,tomato,29.77,95.34,1013.25,24753,16568,111,1,2026-09-21T17:38:42.514095Z
FreshTrace-Node-01,tomato,29.78,95.34,1013.25,24752,16571,111,1,2026-09-21T17:38:52.514095Z
FreshTrace-Node-01,tomato,29.77,95.36,1013.25,24743,16562,111,1,2026-09-21T17:39:02.514095Z
FreshTrace-Node-01,tomato,29.77,95.38,1013.25,24757,16569,110,1,2026-09-21T17:39:12.514095Z
FreshTrace-Node-01,tomato,29.77,95.38,1013.25,24759,16568,110,1,2026-09-21T17:39:22.514095Z
FreshTrace-Node-01,tomato,29.77,95.38,1013.25,24752,16564,110,1,2026-09-21T17:39:32.514095Z
FreshTrace-Node-01,tomato,29.77,95.38,1013.25,24741,16566,110,1,2026-09-21T17:39:42.514095Z
FreshTrace-Node-01,tomato,29.77,95.4,1013.25,24743,16567,110,1,2026-09-21T17:39:52.514095Z
FreshTrace-Node-01,tomato,29.77,95.41,1013.25,24752,16561,110,1,2026-09-21T17:40:02.514095Z
FreshTrace-Node-01,tomato,29.77,95.41,1013.25,24741,16567,110,1,2026-09-21T17:40:12.514095Z
FreshTrace-Node-01,tomato,29.77,95.43,1013.25,24749,16563,110,1,2026-09-21T17:40:22.514095Z
FreshTrace-Node-01,tomato,29.76,95.45,1013.25,24733,16563,110,1,2026-09-21T17:40:32.514095Z
FreshTrace-Node-01,tomato,29.77,95.45,1013.25,24736,16563,110,1,2026-09-21T17:40:42.514095Z
FreshTrace-Node-01,tomato,29.77,95.46,1013.25,24741,16570,110,1,2026-09-21T17:40:52.514095Z
FreshTrace-Node-01,tomato,29.76,95.48,1013.25,24746,16561,110,1,2026-09-21T17:41:02.514095Z
FreshTrace-Node-01,tomato,29.77,95.49,1013.25,24739,16560,110,1,2026-09-21T17:41:12.514095Z
FreshTrace-Node-01,tomato,29.77,95.5,1013.25,24735,16554,110,1,2026-09-21T17:41:22.514095Z
FreshTrace-Node-01,tomato,29.77,95.52,1013.25,24742,16563,110,1,2026-09-21T17:41:32.514095Z
FreshTrace-Node-01,tomato,29.77,95.52,1013.25,24748,16562,109,1,2026-09-21T17:41:42.514095Z
FreshTrace-Node-01,tomato,29.77,95.52,1013.25,24733,16557,109,1,2026-09-21T17:41:52.514095Z
FreshTrace-Node-01,tomato,29.77,95.54,1013.25,24737,16560,109,1,2026-09-21T17:42:02.514095Z
FreshTrace-Node-01,tomato,29.77,95.56,1013.25,24739,16559,109,1,2026-09-21T17:42:12.514095Z
FreshTrace-Node-01,tomato,29.77,95.57,1013.25,24730,16559,109,1,2026-09-21T17:42:22.514095Z
FreshTrace-Node-01,tomato,29.77,95.58,1013.25,24738,16560,109,1,2026-09-21T17:42:32.514095Z
FreshTrace-Node-01,tomato,29.78,95.59,1013.25,24750,16567,109,1,2026-09-21T17:42:42.514095Z
FreshTrace-Node-01,tomato,29.77,95.6,1013.25,24739,16558,109,1,2026-09-21T17:42:52.514095Z
FreshTrace-Node-01,tomato,29.77,95.62,1013.25,24745,16560,108,1,2026-09-21T17:43:02.514095Z
FreshTrace-Node-01,tomato,29.77,95.63,1013.25,24734,16564,108,1,2026-09-21T17:43:12.514095Z
FreshTrace-Node-01,tomato,29.77,95.62,1013.25,24738,16564,108,1,2026-09-21T17:43:22.514095Z
FreshTrace-Node-01,tomato,29.77,95.64,1013.25,24742,16563,108,1,2026-09-21T17:43:32.514095Z
FreshTrace-Node-01,tomato,29.77,95.65,1013.25,24730,16563,108,1,2026-09-21T17:43:42.514095Z
FreshTrace-Node-01,tomato,29.77,95.66,1013.25,24733,16557,108,1,2026-09-21T17:43:52.514095Z
FreshTrace-Node-01,tomato,29.77,95.67,1013.25,24730,16562,108,1,2026-09-21T17:44:02.514095Z
FreshTrace-Node-01,tomato,29.77,95.68,1013.25,24731,16556,108,1,2026-09-21T17:44:12.514095Z
FreshTrace-Node-01,tomato,29.76,95.7,1013.25,24725,16557,108,1,2026-09-21T17:44:22.514095Z
FreshTrace-Node-01,tomato,29.77,95.7,1013.25,24732,16562,108,1,2026-09-21T17:44:32.514095Z
FreshTrace-Node-01,tomato,29.76,95.72,1013.25,24722,16559,108,1,2026-09-21T17:44:42.514095Z
FreshTrace-Node-01,tomato,29.77,95.73,1013.25,24730,16564,108,1,2026-09-21T17:44:52.514095Z
FreshTrace-Node-01,tomato,29.77,95.73,1013.25,24724,16553,108,1,2026-09-21T17:45:02.514095Z
FreshTrace-Node-01,tomato,29.77,95.75,1013.25,24723,16563,108,1,2026-09-21T17:45:12.514095Z
FreshTrace-Node-01,tomato,29.76,95.74,1013.25,24717,16558,108,1,2026-09-21T17:45:22.514095Z
FreshTrace-Node-01,tomato,29.77,95.77,1013.25,24719,16556,108,1,2026-09-21T17:45:32.514095Z
FreshTrace-Node-01,tomato,29.77,95.76,1013.25,24730,16555,108,1,2026-09-21T17:45:42.514095Z
FreshTrace-Node-01,tomato,29.76,95.77,1013.25,24732,16559,108,1,2026-09-21T17:45:52.514095Z
FreshTrace-Node-01,tomato,29.76,95.77,1013.25,24711,16558,108,1,2026-09-21T17:46:02.514095Z
FreshTrace-Node-01,tomato,29.76,95.79,1013.25,24727,16555,108,1,2026-09-21T17:46:12.514095Z
FreshTrace-Node-01,tomato,29.76,95.77,1013.25,24714,16556,108,1,2026-09-21T17:46:22.514095Z
FreshTrace-Node-01,tomato,29.76,95.79,1013.25,24709,16558,108,1,2026-09-21T17:46:32.514095Z
FreshTrace-Node-01,tomato,29.76,95.8,1013.25,24714,16558,108,1,2026-09-21T17:46:42.514095Z
FreshTrace-Node-01,tomato,29.76,95.81,1013.25,24711,16551,108,1,2026-09-21T17:46:52.514095Z
FreshTrace-Node-01,tomato,29.77,95.8,1013.25,24710,16556,108,1,2026-09-21T17:47:02.514095Z
FreshTrace-Node-01,tomato,29.77,95.84,1013.25,24715,16554,108,1,2026-09-21T17:47:12.514095Z
FreshTrace-Node-01,tomato,29.76,95.85,1013.25,24723,16556,108,1,2026-09-21T17:47:22.514095Z
FreshTrace-Node-01,tomato,29.76,95.86,1013.25,24723,16558,108,1,2026-09-21T17:47:32.514095Z
FreshTrace-Node-01,tomato,29.76,95.87,1013.25,24713,16549,108,1,2026-09-21T17:47:42.514095Z
FreshTrace-Node-01,tomato,29.76,95.89,1013.25,24712,16553,108,1,2026-09-21T17:47:52.514095Z
FreshTrace-Node-01,tomato,29.77,95.9,1013.25,24712,16554,108,1,2026-09-21T17:48:02.514095Z
FreshTrace-Node-01,tomato,29.76,95.91,1013.25,24714,16554,108,1,2026-09-21T17:48:12.514095Z
FreshTrace-Node-01,tomato,29.77,95.94,1013.25,24716,16557,107,1,2026-09-21T17:48:22.514095Z
FreshTrace-Node-01,tomato,29.76,95.96,1013.25,24710,16551,107,1,2026-09-21T17:48:32.514095Z
FreshTrace-Node-01,tomato,29.76,95.95,1013.25,24715,16556,107,1,2026-09-21T17:48:42.514095Z
FreshTrace-Node-01,tomato,29.76,95.98,1013.25,24700,16556,108,1,2026-09-21T17:48:52.514095Z
FreshTrace-Node-01,tomato,29.76,95.98,1013.25,24711,16555,107,1,2026-09-21T17:49:02.514095Z
FreshTrace-Node-01,tomato,29.77,96.01,1013.25,24712,16560,107,1,2026-09-21T17:49:12.514095Z
FreshTrace-Node-01,tomato,29.76,96.02,1013.25,24694,16554,108,1,2026-09-21T17:49:22.514095Z
FreshTrace-Node-01,tomato,29.77,96.0,1013.25,24702,16554,108,1,2026-09-21T17:49:32.514095Z
FreshTrace-Node-01,tomato,29.76,96.04,1013.25,24698,16554,108,1,2026-09-21T17:49:42.514095Z
FreshTrace-Node-01,tomato,29.76,96.04,1013.25,24706,16556,108,1,2026-09-21T17:49:52.514095Z
FreshTrace-Node-01,tomato,29.76,96.05,1013.25,24698,16553,108,1,2026-09-21T17:50:02.514095Z
FreshTrace-Node-01,tomato,29.76,96.05,1013.25,24705,16547,108,1,2026-09-21T17:50:12.514095Z
FreshTrace-Node-01,tomato,29.76,96.05,1013.25,24709,16552,108,1,2026-09-21T17:50:22.514095Z
FreshTrace-Node-01,tomato,29.76,96.06,1013.25,24707,16551,107,1,2026-09-21T17:50:32.514095Z
FreshTrace-Node-01,tomato,29.76,96.05,1013.25,24697,16547,107,1,2026-09-21T17:50:42.514095Z
FreshTrace-Node-01,tomato,29.76,96.06,1013.25,24699,16544,107,1,2026-09-21T17:50:52.514095Z
FreshTrace-Node-01,tomato,29.76,96.06,1013.25,24698,16547,107,1,2026-09-21T17:51:02.514095Z
FreshTrace-Node-01,tomato,29.75,96.06,1013.25,24700,16550,107,1,2026-09-21T17:51:12.514095Z
FreshTrace-Node-01,tomato,29.75,96.06,1013.25,24700,16546,107,1,2026-09-21T17:51:22.514095Z
FreshTrace-Node-01,tomato,29.75,96.07,1013.25,24707,16540,107,1,2026-09-21T17:51:32.514095Z
FreshTrace-Node-01,tomato,29.74,96.08,1013.25,24702,16546,107,1,2026-09-21T17:51:42.514095Z
FreshTrace-Node-01,tomato,29.74,96.08,1013.25,24700,16545,107,1,2026-09-21T17:51:52.514095Z
FreshTrace-Node-01,tomato,29.74,96.08,1013.25,24708,16543,107,1,2026-09-21T17:52:02.514095Z
FreshTrace-Node-01,tomato,29.74,96.08,1013.25,24699,16546,107,1,2026-09-21T17:52:12.514095Z
FreshTrace-Node-01,tomato,29.74,96.1,1013.25,24695,16540,107,1,2026-09-21T17:52:22.514095Z
FreshTrace-Node-01,tomato,29.74,96.1,1013.25,24688,16543,107,1,2026-09-21T17:52:32.514095Z
FreshTrace-Node-01,tomato,29.74,96.1,1013.25,24698,16546,107,1,2026-09-21T17:52:42.514095Z
FreshTrace-Node-01,tomato,29.74,96.11,1013.25,24691,16538,107,1,2026-09-21T17:52:52.514095Z
FreshTrace-Node-01,tomato,29.74,96.12,1013.25,24693,16545,107,1,2026-09-21T17:53:02.514095Z
FreshTrace-Node-01,tomato,29.74,96.11,1013.25,24693,16542,107,1,2026-09-21T17:53:12.514095Z
FreshTrace-Node-01,tomato,29.74,96.12,1013.25,24695,16539,107,1,2026-09-21T17:53:22.514095Z
FreshTrace-Node-01,tomato,29.74,96.11,1013.25,24681,16538,107,1,2026-09-21T17:53:32.514095Z
FreshTrace-Node-01,tomato,29.74,96.12,1013.25,24685,16542,107,1,2026-09-21T17:53:42.514095Z
FreshTrace-Node-01,tomato,29.74,96.13,1013.25,24681,16537,107,1,2026-09-21T17:53:52.514095Z
FreshTrace-Node-01,tomato,29.74,96.13,1013.25,24693,16543,107,1,2026-09-21T17:54:02.514095Z
FreshTrace-Node-01,tomato,29.74,96.12,1013.25,24681,16541,107,1,2026-09-21T17:54:12.514095Z
FreshTrace-Node-01,tomato,29.74,96.13,1013.25,24682,16538,107,1,2026-09-21T17:54:22.514095Z
FreshTrace-Node-01,tomato,29.74,96.13,1013.25,24674,16539,107,1,2026-09-21T17:54:32.514095Z
FreshTrace-Node-01,tomato,29.74,96.12,1013.25,24684,16541,107,1,2026-09-21T17:54:42.514095Z
FreshTrace-Node-01,tomato,29.73,96.14,1013.25,24685,16536,107,1,2026-09-21T17:54:52.514095Z
FreshTrace-Node-01,tomato,29.73,96.14,1013.25,24686,16543,107,1,2026-09-21T17:55:02.514095Z
FreshTrace-Node-01,tomato,29.73,96.12,1013.25,24684,16537,107,1,2026-09-21T17:55:12.514095Z
FreshTrace-Node-01,tomato,29.74,96.14,1013.25,24686,16536,107,1,2026-09-21T17:55:22.514095Z
FreshTrace-Node-01,tomato,29.73,96.13,1013.25,24683,16532,107,1,2026-09-21T17:55:32.514095Z
FreshTrace-Node-01,tomato,29.73,96.14,1013.25,24678,16535,107,1,2026-09-21T17:55:42.514095Z
FreshTrace-Node-01,tomato,29.73,96.13,1013.25,24672,16532,107,1,2026-09-21T17:55:52.514095Z
FreshTrace-Node-01,tomato,29.73,96.13,1013.25,24680,16537,107,1,2026-09-21T17:56:02.514095Z
FreshTrace-Node-01,tomato,29.73,96.13,1013.25,24673,16531,107,1,2026-09-21T17:56:12.514095Z
FreshTrace-Node-01,tomato,29.73,96.13,1013.25,24670,16535,107,1,2026-09-21T17:56:22.514095Z
FreshTrace-Node-01,tomato,29.72,96.14,1013.25,24677,16536,107,1,2026-09-21T17:56:32.514095Z
FreshTrace-Node-01,tomato,29.73,96.14,1013.25,24674,16533,107,1,2026-09-21T17:56:42.514095Z
FreshTrace-Node-01,tomato,29.73,96.16,1013.25,24668,16536,107,1,2026-09-21T17:56:52.514095Z
FreshTrace-Node-01,tomato,29.73,96.15,1013.25,24680,16532,107,1,2026-09-21T17:57:02.514095Z
FreshTrace-Node-01,tomato,29.73,96.15,1013.25,24681,16533,107,1,2026-09-21T17:57:12.514095Z
FreshTrace-Node-01,tomato,29.73,96.15,1013.25,24672,16528,107,1,2026-09-21T17:57:22.514095Z
FreshTrace-Node-01,tomato,29.73,96.15,1013.25,24661,16528,107,1,2026-09-21T17:57:32.514095Z
FreshTrace-Node-01,tomato,29.72,96.15,1013.25,24677,16526,107,1,2026-09-21T17:57:42.514095Z
FreshTrace-Node-01,tomato,29.73,96.15,1013.25,24671,16534,107,1,2026-09-21T17:57:52.514095Z
FreshTrace-Node-01,tomato,29.73,96.16,1013.25,24662,16527,107,1,2026-09-21T17:58:02.514095Z
FreshTrace-Node-01,tomato,29.73,96.15,1013.25,24665,16528,107,1,2026-09-21T17:58:12.514095Z
FreshTrace-Node-01,tomato,29.73,96.15,1013.25,24659,16526,107,1,2026-09-21T17:58:22.514095Z
FreshTrace-Node-01,tomato,29.72,96.15,1013.25,24657,16527,108,1,2026-09-21T17:58:32.514095Z
FreshTrace-Node-01,tomato,29.73,96.16,1013.25,24654,16526,108,1,2026-09-21T17:58:42.514095Z
FreshTrace-Node-01,tomato,29.72,96.16,1013.25,24658,16527,108,1,2026-09-21T17:58:52.514095Z
FreshTrace-Node-01,tomato,29.72,96.17,1013.25,24664,16522,108,1,2026-09-21T17:59:02.514095Z
FreshTrace-Node-01,tomato,29.72,96.15,1013.25,24666,16525,108,1,2026-09-21T17:59:12.514095Z
FreshTrace-Node-01,tomato,29.72,96.15,1013.25,24658,16522,108,1,2026-09-21T17:59:22.514095Z
